date,wl,precip
2007-10-01,0.865712211,1.577587156
2007-10-02,0.8997315,1.135575217
2007-10-03,0.8913495,2.029358218
2007-10-04,0.863219,0.008607138
2007-10-05,0.8491855,0.086747152
2007-10-06,0.8551545,0.108886621
2007-10-07,0.8601075,0.004458111
2007-10-08,0.8678545,0.176985854
2007-10-09,0.8688705,0.252550989
2007-10-10,0.858139,0.863493549
2007-10-11,0.854075,1.00352632
2007-10-12,0.9178925,1.117929638
2007-10-13,0.8936355,0.007104772
2007-10-14,0.8717915,0.00177721
2007-10-15,0.8658225,0.000852346
2007-10-16,0.865632,1.798824422
2007-10-17,0.8551545,0.277706408
2007-10-18,0.8533765,2.363436432
2007-10-19,0.884936,2.550356866
2007-10-20,0.899033,0.109971355
2007-10-21,0.850392,0
2007-10-22,0.841883,0.054938241
2007-10-23,1.814957,33.5376875
2007-10-24,1.9886295,0.144293692
2007-10-25,1.3546455,0.006204896
2007-10-26,1.159256,5.49498811
2007-10-27,1.2289155,2.566993209
2007-10-28,1.2103735,0.041607266
2007-10-29,1.1036935,0
2007-10-30,1.0375265,0.000852346
2007-10-31,0.9963785,0
2007-11-01,0.9736455,0.705639944
2007-11-02,0.984758,0.000850851
2007-11-03,0.964184,0.0084735
2007-11-04,0.945642,0.030789687
2007-11-05,0.934085,1.810967034
2007-11-06,0.943102,2.349321639
2007-11-07,0.983869,0.323739707
2007-11-08,0.930783,0.038369802
2007-11-09,0.903732,0.46745285
2007-11-10,0.9013825,0.623628032
2007-11-11,0.9145905,5.290270131
2007-11-12,1.079754,4.740185111
2007-11-13,1.9989165,11.62194581
2007-11-14,1.49987,2.667334776
2007-11-15,1.242949,1.016140639
2007-11-16,1.3270865,0.296806418
2007-11-17,1.2371705,2.702181229
2007-11-18,1.2370435,2.554838722
2007-11-19,1.1922125,0.293101447
2007-11-20,1.15189,2.354555864
2007-11-21,1.11252,12.66020718
2007-11-22,2.2159595,15.83829439
2007-11-23,1.999996,0.146988205
2007-11-24,1.6135985,0.001146779
2007-11-25,1.3853795,0.165295259
2007-11-26,1.621917,17.05432483
2007-11-27,2.3932515,1.95365444
2007-11-28,1.78435,0.000852346
2007-11-29,1.535938,0.688856714
2007-11-30,1.428242,0.000441074
2007-12-01,1.345565,0.269828627
2007-12-02,1.318133,11.39705288
2007-12-03,2.4298275,12.5321304
2007-12-04,1.9110325,0.31784412
2007-12-05,1.6374745,5.257546176
2007-12-06,1.501394,0.154382281
2007-12-07,1.4011275,1.786052963
2007-12-08,1.3629005,0.101595659
2007-12-09,1.340358,10.53099522
2007-12-10,1.6088995,1.248030511
2007-12-11,1.5393035,8.4136681
2007-12-12,3.342894,14.43213631
2007-12-13,2.8617545,3.54047876
2007-12-14,2.9182695,0.105058771
2007-12-15,2.267458,7.211865513
2007-12-16,2.326894,22.05428723
2007-12-17,2.522347,0.162435832
2007-12-18,2.112645,0.007772193
2007-12-19,1.8728055,0.333993708
2007-12-20,1.772539,0.073435534
2007-12-21,1.640713,0.009128135
2007-12-22,1.6274415,0.163637177
2007-12-23,2.2033865,8.888293005
2007-12-24,2.4102695,0.095732151
2007-12-25,1.94056,0.074985384
2007-12-26,1.7187545,0.000852346
2007-12-27,1.6931005,1.870111323
2007-12-28,1.689735,1.80112484
2007-12-29,1.73482,4.115738176
2007-12-30,1.5423515,0.124148703
2007-12-31,1.4119225,0.177973669
2008-01-01,1.3443585,6.396334037
2008-01-02,1.312037,3.587226951
2008-01-03,1.242822,0.15367505
2008-01-04,1.1685905,0.003762154
2008-01-05,1.186688,2.071827077
2008-01-06,1.4840585,1.593700423
2008-01-07,1.6870045,1.128410099
2008-01-08,1.503045,3.012748595
2008-01-09,2.9877385,16.8904901
2008-01-10,2.043938,2.645814307
2008-01-11,2.2743795,8.462211895
2008-01-12,2.028825,0.017863337
2008-01-13,1.840611,0.832786323
2008-01-14,1.8400395,1.51443157
2008-01-15,1.7201515,3.875399964
2008-01-16,1.563624,0.092083495
2008-01-17,1.4500225,0.651631051
2008-01-18,1.4754225,1.202457671
2008-01-19,1.3837285,0.06439737
2008-01-20,1.2511405,0.094412492
2008-01-21,1.1702415,0.008212354
2008-01-22,1.144905,2.506599943
2008-01-23,1.0992485,0.033543784
2008-01-24,1.0818495,0.599040324
2008-01-25,1.056386,0.00224933
2008-01-26,1.063371,0.946272703
2008-01-27,1.070737,0.825602816
2008-01-28,1.0767695,0.011041714
2008-01-29,1.1343005,2.777639457
2008-01-30,1.3998575,5.041687151
2008-01-31,1.249807,0.000435114
2008-02-01,1.257046,12.07566148
2008-02-02,1.606042,0.264009785
2008-02-03,1.37922,0.001426585
2008-02-04,1.320927,3.401555042
2008-02-05,2.6668095,10.0727002
2008-02-06,5.379339,36.46264717
2008-02-07,5.138801,1.892241668
2008-02-08,3.501263,0.954383955
2008-02-09,3.2094805,0.831341957
2008-02-10,2.847086,3.156917603
2008-02-11,2.249424,0.224107697
2008-02-12,1.881886,9.869602285
2008-02-13,1.7708245,3.203436877
2008-02-14,1.652397,0.000629216
2008-02-15,1.563497,0.375536125
2008-02-16,1.4972665,0.000865268
2008-02-17,1.5691485,7.898217038
2008-02-18,3.7158295,5.990328715
2008-02-19,2.56413,0.098807174
2008-02-20,1.9991705,0.911812806
2008-02-21,1.804797,0.091187204
2008-02-22,1.811401,7.326424777
2008-02-23,1.709801,1.310204166
2008-02-24,1.5898495,0.001293127
2008-02-25,1.504569,0.018944711
2008-02-26,1.4474825,12.83229923
2008-02-27,1.456944,2.699467535
2008-02-28,1.3626465,0.137522776
2008-02-29,1.298575,2.930177174
2008-03-01,1.3387705,1.684490378
2008-03-02,1.338707,0.001400419
2008-03-03,1.657223,1.141296255
2008-03-04,4.2722165,32.58101517
2008-03-05,3.975354,17.46227051
2008-03-06,2.984627,0.008662018
2008-03-07,2.8632785,6.290400326
2008-03-08,2.499106,16.8057231
2008-03-09,2.104771,0.385247731
2008-03-10,1.9524345,0.983337911
2008-03-11,1.9598005,0.041661492
2008-03-12,1.9436715,0.83113751
2008-03-13,1.9275425,0.018075503
2008-03-14,2.957195,2.809109343
2008-03-15,3.5941,0.103318424
2008-03-16,2.9004895,0.040211046
2008-03-17,2.4488775,0.00104227
2008-03-18,2.4674195,7.978146875
2008-03-19,4.1298495,35.4131867
2008-03-20,4.177792,1.342699624
2008-03-21,3.2527875,1.048198803
2008-03-22,2.9117925,6.847738561
2008-03-23,2.757043,0.02463707
2008-03-24,2.5083135,0.068517314
2008-03-25,2.177542,1.134413069
2008-03-26,2.1151215,0.909734827
2008-03-27,1.9933285,0.926958369
2008-03-28,4.2745025,18.41234141
2008-03-29,3.336671,0.000855327
2008-03-30,2.610612,2.544023746
2008-03-31,2.5889585,6.013997898
2008-04-01,2.5647015,8.056055242
2008-04-02,2.2395815,0.001500017
2008-04-03,2.0034885,0.047199709
2008-04-04,2.148713,12.44689223
2008-04-05,2.156587,0.182299359
2008-04-06,1.878838,0.001441432
2008-04-07,1.7276445,0.001994464
2008-04-08,1.6447135,0.071781561
2008-04-09,1.568069,2.821373128
2008-04-10,1.4805025,0.51895988
2008-04-11,1.521587,12.80963933
2008-04-12,1.667637,5.945297923
2008-04-13,1.522984,3.620288025
2008-04-14,1.4702155,0.001093485
2008-04-15,1.4077315,0.001293501
2008-04-16,1.347343,0.000435114
2008-04-17,1.326515,0.000435114
2008-04-18,1.289558,0.000858307
2008-04-19,1.241806,1.517167998
2008-04-20,1.3136245,6.271679456
2008-04-21,1.329436,0.07575206
2008-04-22,1.2851765,0.237485075
2008-04-23,1.292733,0.182830599
2008-04-24,1.264539,0.000859297
2008-04-25,1.1435715,0.815262542
2008-04-26,1.0598785,0.98312481
2008-04-27,1.0340975,0.001704013
2008-04-28,1.073658,8.916235601
2008-04-29,1.112901,2.155627846
2008-04-30,1.074801,0.386522823
2008-05-01,1.079373,1.672112056
2008-05-02,1.2024995,2.943462524
2008-05-03,2.0934045,16.17161863
2008-05-04,2.593213,0.018434489
2008-05-05,1.763395,0.024913179
2008-05-06,1.53241248,0.007573507
2008-05-07,1.315974,7.382930598
2008-05-08,1.736598,16.10923851
2008-05-09,1.6138525,2.630522345
2008-05-10,1.419352,3.666929054
2008-05-11,1.3263245,9.792654642
2008-05-12,1.5094585,7.301448496
2008-05-13,1.4406245,0.002076679
2008-05-14,1.272667,3.417546439
2008-05-15,1.2287885,2.023866784
2008-05-16,1.269746,10.74147529
2008-05-17,1.287526,0.512246768
2008-05-18,1.501648,11.67142002
2008-05-19,1.589278,0.142512837
2008-05-20,1.3448665,0.612990518
2008-05-21,1.2169775,0.124025442
2008-05-22,1.2013565,0.419571464
2008-05-23,1.1562715,0.07505169
2008-05-24,1.0944225,0
2008-05-25,1.054989,0.000435114
2008-05-26,1.0348595,0.655680653
2008-05-27,1.0478135,0.505294947
2008-05-28,1.0037445,0.086219604
2008-05-29,0.967994,0.003441512
2008-05-30,0.9552305,0.022440524
2008-05-31,1.1050905,25.78674207
2008-06-01,1.072769,0.003458552
2008-06-02,0.970661,-2.90951E-06
2008-06-03,0.960247,9.908387188
2008-06-04,1.1369675,17.81008901
2008-06-05,1.031367,2.721167463
2008-06-06,0.9968865,0.003986602
2008-06-07,0.959358,12.67166586
2008-06-08,0.9363075,0.010583538
2008-06-09,0.9313545,0.344729662
2008-06-10,1.0661015,21.63560168
2008-06-11,1.067816,0.00182311
2008-06-12,0.944753,0.468249994
2008-06-13,0.916432,3.917039375
2008-06-14,1.131697,7.639385338
2008-06-15,1.0360025,0.007895584
2008-06-16,0.9979025,0.905662265
2008-06-17,0.963422,0.757660838
2008-06-18,0.9236075,0.258019414
2008-06-19,0.9112885,0.836417473
2008-06-20,0.903224,1.082040989
2008-06-21,0.8924925,8.664145739
2008-06-22,1.2378055,5.321890735
2008-06-23,1.252474,2.070944528
2008-06-24,1.1148695,0.62416639
2008-06-25,1.015365,0.105940693
2008-06-26,1.0146665,9.957335772
2008-06-27,1.4938375,2.073313561
2008-06-28,1.19126,12.71584455
2008-06-29,1.1196955,8.046156633
2008-06-30,1.1229975,2.936980805
2008-07-01,1.039749,0.012188763
2008-07-02,0.9708515,0
2008-07-03,1.347597,13.13431692
2008-07-04,1.681988,0.082990017
2008-07-05,1.161161,0.001420726
2008-07-06,1.0560685,0
2008-07-07,0.993775,0.055766827
2008-07-08,0.9855835,10.55274623
2008-07-09,2.150872,7.018636496
2008-07-10,1.5997555,0.016896097
2008-07-11,1.2287885,0.24756144
2008-07-12,1.01981,8.215785871
2008-07-13,1.779778,9.952381082
2008-07-14,1.493012,0.002151133
2008-07-15,1.144778,0.001715557
2008-07-16,1.0291445,0.183520366
2008-07-17,0.9933305,0.066371896
2008-07-18,0.9871075,0.003441766
2008-07-19,0.9634855,0.247959251
2008-07-20,0.9598025,6.96060973
2008-07-21,0.9272905,3.90045142
2008-07-22,0.909193,2.663775034
2008-07-23,0.987171,1.282272859
2008-07-24,1.047242,0.005667193
2008-07-25,0.944499,0.005165725
2008-07-26,0.901954,0.57426418
2008-07-27,0.940435,0.008822845
2008-07-28,0.9276715,0.016688575
2008-07-29,0.89789,0.000426173
2008-07-30,0.9413875,3.55906745
2008-07-31,1.4768195,0.431405862
2008-08-01,1.163066,0.051978004
2008-08-02,1.049782,0.692656999
2008-08-03,0.909193,0.00166603
2008-08-04,0.8611235,0.032382884
2008-08-05,0.8568055,23.07544024
2008-08-06,0.85979,3.040921144
2008-08-07,0.9158605,1.138929775
2008-08-08,0.9959975,0.771061356
2008-08-09,0.9264015,0.35475456
2008-08-10,1.057148,2.150798651
2008-08-11,1.0335895,0.822465761
2008-08-12,0.9229725,0.073994047
2008-08-13,0.8401685,0.126858126
2008-08-14,0.8749665,2.518225434
2008-08-15,1.108964,0.277140558
2008-08-16,0.908685,0.039027953
2008-08-17,0.927862,0.011200844
2008-08-18,0.930021,0.016053681
2008-08-19,0.936625,0.752133295
2008-08-20,0.9219565,0.000846386
2008-08-21,0.9059545,0.002580881
2008-08-22,0.895096,0.00204414
2008-08-23,0.8797925,0.001716614
2008-08-24,0.8696325,4.666919216
2008-08-25,0.884809,0.123148688
2008-08-26,0.863092,0.003004018
2008-08-27,0.8513445,0.425309218
2008-08-28,0.927862,0.945409579
2008-08-29,0.9134475,3.007675199
2008-08-30,0.997077,0.182872698
2008-08-31,0.9652635,0.001713751
2008-09-01,0.8322945,0.001704414
2008-09-02,0.8181975,0.000884063
2008-09-03,0.8193405,0.00043717
2008-09-04,0.8057515,0.000209799
2008-09-05,0.813181,3.325837995
2008-09-06,0.863219,4.294267742
2008-09-07,0.867029,2.929587673
2008-09-08,0.8302625,0.000853389
2008-09-09,0.9868535,4.15146004
2008-09-10,1.010285,0.034412299
2008-09-11,0.8729345,0.001274568
2008-09-12,1.141984,15.20245819
2008-09-13,1.973834,19.33429576
2008-09-14,2.020189,2.448641744
2008-09-15,1.3523595,0.861396789
2008-09-16,1.100328,0.790940912
2008-09-17,1.0177145,0.001293421
2008-09-18,0.971169,0.058374542
2008-09-19,0.944245,0
2008-09-20,0.9232265,0.002595103
2008-09-21,0.9182735,0.630411309
2008-09-22,0.900049,0.004534195
2008-09-23,0.9030335,0.001727627
2008-09-24,0.9421495,4.35085E-06
2008-09-25,0.9324975,0.00128434
2008-09-26,0.926338,0.001060961
2008-09-27,0.925957,0.559239165
2008-09-28,0.929513,0.355170144
2008-09-29,0.9205595,0.319807609
2008-09-30,1.028573,1.309853208
2008-10-01,1.1561445,1.432201088
2008-10-02,0.988568,0.132668766
2008-10-03,0.9256395,1.855849626
2008-10-04,0.886841,0.008489159
2008-10-05,0.8622665,0.015136443
2008-10-06,0.89535,1.533512647
2008-10-07,0.910336,0.000435114
2008-10-08,0.9318625,12.53363722
2008-10-09,1.0314305,0.147545957
2008-10-10,0.9234805,0.001722574
2008-10-11,0.8889365,0.000426173
2008-10-12,0.870585,0.00172006
2008-10-13,0.863727,0.000858307
2008-10-14,0.8507095,0.366023261
2008-10-15,0.8446135,2.334643826
2008-10-16,1.062863,5.620622445
2008-10-17,0.9338945,0.061348598
2008-10-18,0.857885,0.152782182
2008-10-19,0.8654415,0.002566285
2008-10-20,0.886714,0.000852346
2008-10-21,0.912749,1.918719112
2008-10-22,0.9544685,0.011508972
2008-10-23,1.018667,0.001728535
2008-10-24,0.930656,7.865009439
2008-10-25,0.994791,2.904372973
2008-10-26,0.950468,0.133502956
2008-10-27,0.890905,3.027337473
2008-10-28,1.2709525,1.681931724
2008-10-29,1.19706887,1.143634334
2008-10-30,1.102995,0.001722574
2008-10-31,0.9901555,0.00085824
2008-11-01,0.9285605,0.002495699
2008-11-02,0.969772,0.36654612
2008-11-03,1.009396,0.219068337
2008-11-04,1.039876,0.000435114
2008-11-05,0.9893935,0
2008-11-06,1.0005695,0.001728535
2008-11-07,1.039622,8.571306656
2008-11-08,1.24206,0.544687295
2008-11-09,1.0682605,0.795583978
2008-11-10,0.9341485,1.079246242
2008-11-11,0.889508,0.009017696
2008-11-12,0.8668385,0.003978153
2008-11-13,0.9375775,11.91356603
2008-11-14,1.01219,0.490562753
2008-11-15,1.1259185,33.31689286
2008-11-16,2.0363815,3.521229748
2008-11-17,1.4158595,0.751675913
2008-11-18,1.272286,2.364464328
2008-11-19,1.2880975,0.128342674
2008-11-20,1.269873,0.198809116
2008-11-21,1.278636,0.687367818
2008-11-22,1.2658725,0.123433228
2008-11-23,1.212977,0.001710653
2008-11-24,1.155827,6.382116805
2008-11-25,1.4412595,6.733078948
2008-11-26,1.556766,1.484389817
2008-11-27,1.4180185,0.002196837
2008-11-28,1.2949555,0.031608678
2008-11-29,1.2318365,0.001017468
2008-11-30,1.191006,7.222025685
2008-12-01,2.114931,8.231870359
2008-12-02,1.742059,1.745297709
2008-12-03,1.4417675,0.083481908
2008-12-04,1.4375765,2.631345588
2008-12-05,1.3841095,0.059411287
2008-12-06,1.287526,1.561714428
2008-12-07,1.2174855,1.014248947
2008-12-08,1.1781155,0.269079052
2008-12-09,1.1703685,8.876050144
2008-12-10,2.1174075,12.84715543
2008-12-11,1.8383885,0.060705579
2008-12-12,1.54432,0.522071413
2008-12-13,1.493901,0.041555748
2008-12-14,1.500632,0.705197735
2008-12-15,1.56337,6.075476067
2008-12-16,1.523492,1.279231096
2008-12-17,1.348867,5.989340361
2008-12-18,1.2675235,0.006908606
2008-12-19,1.7286605,25.64631033
2008-12-20,2.671699,0.271943773
2008-12-21,1.8408015,0.585295794
2008-12-22,1.430528,0.071280789
2008-12-23,1.266698,0.573573238
2008-12-24,2.049018,17.625797
2008-12-25,2.774442,0.020970116
2008-12-26,1.9619595,7.24253496
2008-12-27,2.154428,2.76113848
2008-12-28,2.2272625,7.321247838
2008-12-29,2.0104735,0
2008-12-30,1.7710785,0.01637283
2008-12-31,1.6119475,2.072792486
2009-01-01,1.4735175,0.013922607
2009-01-02,1.368298,0.155363525
2009-01-03,1.2941935,0.000868338
2009-01-04,1.2172315,1.599024727
2009-01-05,1.2386945,0.111962939
2009-01-06,1.2033885,3.237514553
2009-01-07,1.3655675,6.164672747
2009-01-08,1.5106015,1.236048724
2009-01-09,1.3246735,2.860378259
2009-01-10,1.245235,14.46151221
2009-01-11,1.2277725,0.995902544
2009-01-12,1.1858625,0.287575069
2009-01-13,1.1852275,3.20258106
2009-01-14,1.1740515,2.749682764
2009-01-15,1.1475085,0.980320338
2009-01-16,1.057021,0.05604747
2009-01-17,1.062609,0.724944202
2009-01-18,1.137666,2.432253142
2009-01-19,1.1830685,0.265586123
2009-01-20,1.136904,0.65568735
2009-01-21,1.1250295,0.054938552
2009-01-22,1.120267,0.000920784
2009-01-23,1.119505,0.003754077
2009-01-24,1.166241,0.252044845
2009-01-25,1.150366,0.343827896
2009-01-26,1.12268,0.113692573
2009-01-27,1.1184255,0.861533815
2009-01-28,1.074166,20.50971984
2009-01-29,1.1042015,0.198254398
2009-01-30,1.1334115,1.192814447
2009-01-31,1.1282045,0.108339754
2009-02-01,1.1038205,0.001293421
2009-02-02,1.1251565,0.003807762
2009-02-03,1.096391,0.18402783
2009-02-04,1.077722,1.173217987
2009-02-05,1.0577195,0.094756458
2009-02-06,1.100582,0.000847643
2009-02-07,1.090168,0.017019578
2009-02-08,2.794381,0.795785772
2009-02-09,2.401316,0.129640726
2009-02-10,2.5442545,5.091031445
2009-02-11,3.9512875,11.54027764
2009-02-12,4.7958375,8.552573627
2009-02-13,3.558159,0.013655996
2009-02-14,2.874264,2.07532727
2009-02-15,2.4835485,0.440229079
2009-02-16,2.187321,0.121604239
2009-02-17,1.894713,0.002089
2009-02-18,1.7188815,9.52521125
2009-02-19,1.7511395,1.312938798
2009-02-20,1.553972,0.016236469
2009-02-21,1.4229715,4.854753439
2009-02-22,1.3773785,1.3321867
2009-02-23,1.323594,0.123328584
2009-02-24,1.245108,0.011250906
2009-02-25,1.223645,0.164040465
2009-02-26,1.439418,2.474764952
2009-02-27,1.8494375,18.41032686
2009-02-28,1.9023965,0.038184153
2009-03-01,1.5707995,0.0012815
2009-03-02,1.448435,0.004898176
2009-03-03,1.3602335,1.27618E-05
2009-03-04,1.2610465,0.001709323
2009-03-05,1.239393,0.35954876
2009-03-06,1.242695,0.456211559
2009-03-07,1.3209905,4.026969017
2009-03-08,2.5413335,45.41187423
2009-03-09,5.411978,4.902175656
2009-03-10,3.506089,13.39892084
2009-03-11,3.745611,5.539288626
2009-03-12,2.697861,0.001316816
2009-03-13,2.281809,0.001290441
2009-03-14,2.0083145,0.001281759
2009-03-15,1.8199735,0.000852346
2009-03-16,1.633982,0.000891197
2009-03-17,1.4665325,0.002155532
2009-03-18,1.3852525,1.420067993
2009-03-19,1.3508355,2.960171058
2009-03-20,1.269873,0.060412913
2009-03-21,1.2060555,0.05688706
2009-03-22,1.1647805,0.00295488
2009-03-23,1.1386185,0.002154913
2009-03-24,1.1303,0.002237806
2009-03-25,1.105408,8.457383011
2009-03-26,1.1311255,2.772696259
2009-03-27,1.146429,0
2009-03-28,1.115314,0.002167707
2009-03-29,1.1316335,10.69723936
2009-03-30,1.261491,1.33873712
2009-03-31,1.166749,0.065574763
2009-04-01,1.158953362,3.811734231
2009-04-02,1.22101583,1.800563844
2009-04-03,1.388491,21.37102894
2009-04-04,1.717294,0.000176064
2009-04-05,1.3341985,0.348263224
2009-04-06,1.302512,14.31135014
2009-04-07,1.5233015,2.233980144
2009-04-08,1.560322,0.092669075
2009-04-09,1.530731,5.1196E-06
2009-04-10,1.3060045,10.65586358
2009-04-11,1.2867005,0.310092591
2009-04-12,1.2159615,0
2009-04-13,1.1801475,4.448530104
2009-04-14,1.1798935,10.11203567
2009-04-15,1.8245455,11.5937427
2009-04-16,1.6087725,0.001444192
2009-04-17,1.3918565,0.000852346
2009-04-18,1.334516,0.000852346
2009-04-19,1.251077,3.154349513
2009-04-20,1.6491585,21.566196
2009-04-21,2.535174,2.902412121
2009-04-22,1.8963005,3.324224972
2009-04-23,1.6105505,0.203072735
2009-04-24,1.5018385,0.964718592
2009-04-25,1.4196695,0.002762081
2009-04-26,1.318895,0.011117755
2009-04-27,1.229741,0.002571339
2009-04-28,1.1956415,12.63015621
2009-04-29,1.219327,0.252342272
2009-04-30,1.163066,5.02170904
2009-05-01,1.249807,6.463458282
2009-05-02,1.469898,1.180810998
2009-05-03,1.229106,0.00085399
2009-05-04,1.149223,0.00170946
2009-05-05,1.0645775,0.012689725
2009-05-06,0.965327,5.907770556
2009-05-07,1.1931015,1.963926698
2009-05-08,1.114171,10.56845406
2009-05-09,1.0300335,2.28825472
2009-05-10,0.9857105,0.196225054
2009-05-11,0.970026,1.034687127
2009-05-12,0.986536,0.006778689
2009-05-13,0.983361,7.399525613
2009-05-14,1.064514,16.46046562
2009-05-15,1.0367645,0.02958209
2009-05-16,0.976757,20.15245831
2009-05-17,1.0015855,-2.04336E-06
2009-05-18,0.9577705,0.007282099
2009-05-19,0.9440545,0.000435114
2009-05-20,0.9219565,0
2009-05-21,0.904875,0.001710653
2009-05-22,0.887349,0.000892048
2009-05-23,0.8703945,0.004054827
2009-05-24,0.870204,0.016742126
2009-05-25,0.875157,0.01470812
2009-05-26,0.859155,8.30283934
2009-05-27,0.8794115,9.177079001
2009-05-28,1.2907645,11.36473868
2009-05-29,1.376045,0.742437518
2009-05-30,1.3223875,0.242204386
2009-05-31,1.1543665,0.603661499
2009-06-01,1.0330815,1.654757476
2009-06-02,1.093089,9.5992734
2009-06-03,1.0362565,3.893786059
2009-06-04,1.053338,0.010687473
2009-06-05,0.981329,0.000863121
2009-06-06,0.9426575,0.00172977
2009-06-07,0.922274,0.01514448
2009-06-08,0.9115425,1.670392438
2009-06-09,0.9084945,1.821826329
2009-06-10,0.8791575,1.014022672
2009-06-11,0.8595995,10.14330194
2009-06-12,0.9185275,4.805477787
2009-06-13,0.897255,0.945980698
2009-06-14,0.8687435,0.125986408
2009-06-15,0.858012,0.072733487
2009-06-16,0.847217,0.001290441
2009-06-17,0.9010015,12.82275972
2009-06-18,1.98501,0.943234574
2009-06-19,1.6203295,5.839598183
2009-06-20,1.888109,12.36222002
2009-06-21,1.727327,0.059333915
2009-06-22,1.3907135,0.007376049
2009-06-23,1.2243435,0.053033913
2009-06-24,1.091311,0.152983707
2009-06-25,0.991362,0.415948134
2009-06-26,1.0549255,1.361301906
2009-06-27,0.939419,0.000859944
2009-06-28,0.9010015,3.346755695
2009-06-29,0.9095105,0.069143248
2009-06-30,0.904113,2.123461486
2009-07-01,0.9375775,1.051864735
2009-07-02,0.877316,4.823386565
2009-07-03,1.0481945,1.096116458
2009-07-04,0.9501505,0.003271456
2009-07-05,0.91948,0.398254271
2009-07-06,0.9196705,0.034685204
2009-07-07,0.906272,0
2009-07-08,0.8763,0.057296687
2009-07-09,0.8523605,0.126713217
2009-07-10,0.8324215,0.004611067
2009-07-11,0.962279,3.782883115
2009-07-12,1.2182475,0.007731917
2009-07-13,0.9384665,0
2009-07-14,0.871347,0
2009-07-15,0.8383905,0.054646245
2009-07-16,0.8264525,0.508879425
2009-07-17,0.856615,14.94441934
2009-07-18,1.0983595,0.593382302
2009-07-19,0.925576,0.602566969
2009-07-20,0.852805,1.840395401
2009-07-21,0.835279,1.395867793
2009-07-22,0.845439,5.894574839
2009-07-23,1.0304145,15.76484455
2009-07-24,1.084326,1.320273577
2009-07-25,0.909066,5.039995291
2009-07-26,0.8810625,0.258750602
2009-07-27,0.860679,0.105568674
2009-07-28,0.8423275,0.083875518
2009-07-29,0.8554085,14.58291669
2009-07-30,0.997204,0.069261033
2009-07-31,1.3829665,7.662357053
2009-08-01,1.410208,0.040101856
2009-08-02,1.0554335,1.563113946
2009-08-03,0.9928225,0.015577231
2009-08-04,0.900684,2.350889561
2009-08-05,0.875284,0.251299218
2009-08-06,0.85344,0.045954604
2009-08-07,0.8316595,0.036512764
2009-08-08,0.822706,0.734415877
2009-08-09,0.8707755,0.044969576
2009-08-10,0.987806,2.588036184
2009-08-11,1.489964,2.487155416
2009-08-12,0.9812655,1.209860192
2009-08-13,0.8862695,0.16747568
2009-08-14,0.854837,0.021753089
2009-08-15,0.8306435,0.021415105
2009-08-16,0.811022,0.246253097
2009-08-17,0.801116,0.060591356
2009-08-18,0.83185,0.68926942
2009-08-19,0.84074,1.880157388
2009-08-20,1.005205,7.518951378
2009-08-21,1.418717,0.270480583
2009-08-22,1.133348,1.516944456
2009-08-23,0.9747885,0.605984743
2009-08-24,0.928624,1.277828804
2009-08-25,0.890524,0
2009-08-26,0.860425,0.74135189
2009-08-27,0.8509635,2.202728149
2009-08-28,0.922401,15.42827287
2009-08-29,1.3933805,10.42870097
2009-08-30,1.155446,0.51717737
2009-08-31,0.965327,0.012954333
2009-09-01,0.9059545,0.001986996
2009-09-02,0.885825,0.000861622
2009-09-03,0.8664575,0.003000001
2009-09-04,0.853694,0.208717433
2009-09-05,0.8455025,0.037081084
2009-09-06,0.831977,0.001212493
2009-09-07,0.8289925,9.932075699
2009-09-08,0.8844915,7.974102289
2009-09-09,0.9093835,0.19494416
2009-09-10,0.8543925,0.018244025
2009-09-11,0.8333105,0.001396735
2009-09-12,0.8253095,0.001722076
2009-09-13,0.8213725,0.000426173
2009-09-14,0.816356,0.161805336
2009-09-15,0.8110855,0.074775
2009-09-16,0.7802245,0.037060643
2009-09-17,0.808736,0.00129052
2009-09-18,0.939165,0.034641573
2009-09-19,0.865251,0.003004073
2009-09-20,0.7710805,6.108708573
2009-09-21,0.8047355,14.10351875
2009-09-22,0.7925435,1.734318689
2009-09-23,0.7742555,1.709609145
2009-09-24,0.775081,1.00609172
2009-09-25,0.7672705,0.041117974
2009-09-26,0.791845,4.039162345
2009-09-27,1.205357,2.204922188
2009-09-28,1.063879,8.432133721
2009-09-29,1.0809605,2.304662364
2009-09-30,1.3898245,1.007827569
2009-10-01,1.1223625,0
2009-10-02,1.391539,18.70359364
2009-10-03,1.6476345,0.228999773
2009-10-04,1.1683365,0.370198972
2009-10-05,1.0349865,0.0009991
2009-10-06,0.9799955,0.578290346
2009-10-07,1.0001885,2.089084103
2009-10-08,0.955167,2.304476819
2009-10-09,0.937514,15.35652784
2009-10-10,1.0945495,1.382091682
2009-10-11,0.987298,0.000698451
2009-10-12,0.920115,1.14091978
2009-10-13,0.892556,0.064040615
2009-10-14,0.8639175,3.018401121
2009-10-15,0.8471535,7.801711496
2009-10-16,0.8942705,2.898876014
2009-10-17,0.89535,0.842231839
2009-10-18,0.8787765,0.133295087
2009-10-19,0.8561705,0.011366546
2009-10-20,0.8512175,0.000426173
2009-10-21,0.8347075,0.276343248
2009-10-22,0.859536,0.003432407
2009-10-23,0.8537575,21.21672254
2009-10-24,1.0257155,2.003784725
2009-10-25,0.967867,0.003739909
2009-10-26,0.9285605,0.001710653
2009-10-27,0.9228455,0.00631647
2009-10-28,1.2405995,16.4303121
2009-10-29,1.2143105,0.000908037
2009-10-30,1.048004,0.987738104
2009-10-31,1.2287885,15.81675827
2009-11-01,1.328039,0
2009-11-02,1.108202,0.493222058
2009-11-03,1.034542,0.046331557
2009-11-04,0.9953625,0.033169918
2009-11-05,0.9658985,0.972326946
2009-11-06,0.953135,0.049919229
2009-11-07,0.929894,0.002148747
2009-11-08,0.9083675,8.94067E-06
2009-11-09,0.892683,0.000852346
2009-11-10,0.879602,0.430501032
2009-11-11,0.86995,0.01228118
2009-11-12,0.8607425,0.001292692
2009-11-13,0.851916,0
2009-11-14,0.8425815,0.000852346
2009-11-15,0.833882,0.033051535
2009-11-16,0.8268335,0.32167902
2009-11-17,0.827532,0.02332847
2009-11-18,0.8260715,3.132052576
2009-11-19,1.0630535,6.736221924
2009-11-20,1.0423525,0.332851974
2009-11-21,0.9328785,0.090781803
2009-11-22,0.904494,0.001327063
2009-11-23,0.8898255,1.052127661
2009-11-24,0.8893175,0.387227569
2009-11-25,0.87376,2.876342917
2009-11-26,0.891159,1.784690199
2009-11-27,0.94361,3.382275137
2009-11-28,1.0329545,0.000796358
2009-11-29,0.9420225,0.170214949
2009-11-30,1.132459,6.764236178
2009-12-01,1.077087,0.005971864
2009-12-02,0.9751695,7.617876629
2009-12-03,1.9048095,13.11086509
2009-12-04,1.480566,0.109579669
2009-12-05,1.20269,0.002746169
2009-12-06,1.1106785,0.000489997
2009-12-07,1.0636885,0.791739033
2009-12-08,1.032891,0.24701678
2009-12-09,1.4944725,21.58475154
2009-12-10,1.55321,0.476687142
2009-12-11,1.171067,0.004541334
2009-12-12,1.0549255,0.000852346
2009-12-13,1.15316,13.12921977
2009-12-14,1.6402685,0.469037842
2009-12-15,1.3667105,1.12803408
2009-12-16,1.2446635,0.016724081
2009-12-17,1.1276965,0.000507733
2009-12-18,1.0738485,0.003139409
2009-12-19,1.046988,3.56835708
2009-12-20,1.025779,0.531557001
2009-12-21,0.982218,0.540520803
2009-12-22,0.954151,0.620242548
2009-12-23,0.936371,0.121973385
2009-12-24,0.903351,4.15819E-05
2009-12-25,1.0321925,10.63701909
2009-12-26,1.745234,1.292266708
2009-12-27,1.4440535,1.302124004
2009-12-28,1.295146,4.488354516
2009-12-29,1.2328525,0.401847316
2009-12-30,1.1511915,0.073295104
2009-12-31,1.126744,3.293481279
2010-01-01,1.1630025,1.390045822
2010-01-02,1.105408,0.593522827
2010-01-03,1.0240645,0.134105193
2010-01-04,0.984631,2.78795299
2010-01-05,1.016635,1.209395662
2010-01-06,1.0102215,2.151587393
2010-01-07,1.0051415,4.255923562
2010-01-08,0.9967595,2.759916133
2010-01-09,0.996823,0.383088171
2010-01-10,0.98298,0.120148975
2010-01-11,1.056386,2.081560277
2010-01-12,1.0191115,0.644039654
2010-01-13,0.987933,0.005710691
2010-01-14,0.975995,0.002687523
2010-01-15,0.9984105,0.624157889
2010-01-16,1.068578,0.47808827
2010-01-17,1.241044,0.521749023
2010-01-18,1.3231495,0.170965044
2010-01-19,1.2883515,0.360682845
2010-01-20,1.2374245,0.054730693
2010-01-21,1.172591,0.037347459
2010-01-22,1.131697,2.635076906
2010-01-23,1.1576685,0.061582818
2010-01-24,1.564132,12.09204597
2010-01-25,2.8237815,3.150372027
2010-01-26,2.182241,0.72883708
2010-01-27,1.7546955,0.078083353
2010-01-28,1.567561,2.420594514
2010-01-29,1.4944725,0.001449131
2010-01-30,1.406017,0.002897318
2010-01-31,1.3159105,0.00256896
2010-02-01,1.188974,0.02637786
2010-02-02,1.117092,0.70291047
2010-02-03,1.080389,0.850700738
2010-02-04,1.044829,0.04031869
2010-02-05,1.011301,2.245088979
2010-02-06,1.005078,18.94614452
2010-02-07,1.017524,0.03831489
2010-02-08,0.9905365,0.003856741
2010-02-09,0.9906,9.552923501
2010-02-10,0.997204,4.473679651
2010-02-11,0.986917,0.585029969
2010-02-12,0.993521,0.038319525
2010-02-13,0.9930765,0.220706158
2010-02-14,0.9947275,0.235416872
2010-02-15,0.976122,0.876293375
2010-02-16,0.990346,3.272243984
2010-02-17,0.9943465,0.607005194
2010-02-18,1.0018395,0.648625402
2010-02-19,1.030859,7.63103E-05
2010-02-20,1.057021,0.001297197
2010-02-21,1.070483,0.008569935
2010-02-22,1.162304,5.750351556
2010-02-23,1.639443,0.387689267
2010-02-24,1.477645,2.023836769
2010-02-25,1.3762355,2.824917507
2010-02-26,1.3288645,7.649476735
2010-02-27,1.2936855,6.100089891
2010-02-28,1.27635,2.011747716
2010-03-01,1.247648,0.481767645
2010-03-02,1.22174,0.103678946
2010-03-03,1.1952605,0.087528372
2010-03-04,1.2101195,0.054789296
2010-03-05,1.2163425,0.003984321
2010-03-06,1.2139295,0.001732286
2010-03-07,1.226566,-1.19209E-05
2010-03-08,1.3541375,0.001123625
2010-03-09,1.5975965,0
2010-03-10,2.030603,2.290182993
2010-03-11,2.561209,0.17424294
2010-03-12,2.4185245,2.574672807
2010-03-13,2.159762,12.41687441
2010-03-14,2.8556585,7.630925943
2010-03-15,2.6434415,0.36601279
2010-03-16,2.377821,0.000439694
2010-03-17,2.1927185,0
2010-03-18,1.976501,0
2010-03-19,1.72339,0
2010-03-20,1.495933,0.006410736
2010-03-21,1.340866,0.024012382
2010-03-22,1.427734,9.0745263
2010-03-23,2.487168,0.523222609
2010-03-24,1.8278475,0
2010-03-25,1.558925,5.530847146
2010-03-26,1.8192115,2.661892635
2010-03-27,1.662684,0.001290441
2010-03-28,1.483487,10.2816408
2010-03-29,1.8275935,6.894428851
2010-03-30,1.61163,0.000864397
2010-03-31,1.4300835,0.00128746
2010-04-01,1.3361035,0.002582407
2010-04-02,1.2571095,0.001698732
2010-04-03,1.184656,0.384246159
2010-04-04,1.1241405,0.07149393
2010-04-05,1.074039,0.280570761
2010-04-06,1.048131,0.099738699
2010-04-07,1.031367,0.902549772
2010-04-08,1.026795,7.994407721
2010-04-09,1.0685145,0.236787341
2010-04-10,1.033653,0.001722574
2010-04-11,1.0203815,0.305577326
2010-04-12,0.999998,0.002561742
2010-04-13,1.0459085,3.641569343
2010-04-14,1.0441305,0.002572479
2010-04-15,0.949071,0.000874882
2010-04-16,0.9247505,1.902660724
2010-04-17,0.9363075,0.084653381
2010-04-18,0.899414,0.195645013
2010-04-19,0.8914765,0.001638584
2010-04-20,0.886333,0.000435114
2010-04-21,0.8785225,0.001725439
2010-04-22,0.869696,1.478333747
2010-04-23,0.8640445,0.054438075
2010-04-24,0.849884,5.953750473
2010-04-25,1.064641,19.99029534
2010-04-26,1.6243935,17.73364533
2010-04-27,1.421257,0.000852346
2010-04-28,1.137031,0.00023001
2010-04-29,1.1241405,0
2010-04-30,1.137539,0.000852346
2010-05-01,1.114806,4.374509804
2010-05-02,1.070991,9.531866276
2010-05-03,1.0442575,5.304255177
2010-05-04,1.0100945,1.299948642
2010-05-05,0.955802,0.024514795
2010-05-06,1.066673,8.430504308
2010-05-07,1.0022205,0.560716907
2010-05-08,1.294003,7.299386776
2010-05-09,1.395349,0.169301226
2010-05-10,1.22174,0
2010-05-11,1.1976735,21.95970892
2010-05-12,1.8820765,7.488124231
2010-05-13,1.561465,3.647207332
2010-05-14,1.805813,2.891938145
2010-05-15,1.4670405,9.0858E-06
2010-05-16,1.2632055,0.381359075
2010-05-17,1.198245,15.99205667
2010-05-18,1.579372,11.73249296
2010-05-19,1.5614015,0.156196242
2010-05-20,1.427861,0.000857395
2010-05-21,1.3452475,3.456458981
2010-05-22,1.371346,10.44088407
2010-05-23,1.8720435,0.070234463
2010-05-24,1.5398115,0.000852346
2010-05-25,1.316482,0.015808819
2010-05-26,1.18618,0.27754757
2010-05-27,1.104011,1.052284951
2010-05-28,1.0716895,1.462277115
2010-05-29,1.032637,0.028714564
2010-05-30,1.003808,0
2010-05-31,0.980567,7.956760943
2010-06-01,1.826514,6.689264273
2010-06-02,1.2000865,3.57622816
2010-06-03,1.116584,1.413288091
2010-06-04,1.2325985,1.867035064
2010-06-05,1.0992485,31.46636504
2010-06-06,2.056765,12.48749268
2010-06-07,1.7319625,2.69499175
2010-06-08,1.354836,0.013726325
2010-06-09,1.347343,12.44053581
2010-06-10,1.373378,-1.66313E-06
2010-06-11,1.2157075,0.096932429
2010-06-12,1.167511,1.122435908
2010-06-13,1.1505565,3.608557112
2010-06-14,1.1289665,3.089010663
2010-06-15,1.1782425,12.74397816
2010-06-16,1.0916285,1.396356971
2010-06-17,1.0159365,0.235370754
2010-06-18,0.980948,2.82837E-07
2010-06-19,0.9482455,5.766251985
2010-06-20,0.8975725,0.002515919
2010-06-21,0.8803005,0.017361775
2010-06-22,0.960755,0.889543759
2010-06-23,1.0151745,0.194634226
2010-06-24,1.1470005,3.833888835
2010-06-25,1.069594,0.017129567
2010-06-26,0.943864,2.968160069
2010-06-27,0.911225,5.259004745
2010-06-28,1.4078585,10.18063877
2010-06-29,1.459992,0.665899817
2010-06-30,1.01981,0.000852346
2010-07-01,0.933196,0.001781844
2010-07-02,0.8871585,0.000858259
2010-07-03,0.8527415,0.000435114
2010-07-04,0.837692,0.000864267
2010-07-05,0.834263,0.000871226
2010-07-06,0.835533,0.000852346
2010-07-07,0.837438,0
2010-07-08,0.8386445,0.045974662
2010-07-09,0.84455,11.34876258
2010-07-10,0.954024,0.330754059
2010-07-11,0.88265,0.09965049
2010-07-12,0.851916,5.825438541
2010-07-13,1.0574655,3.185213062
2010-07-14,0.8884285,0.283274289
2010-07-15,0.8482965,0.00086932
2010-07-16,0.8439785,0.532522295
2010-07-17,0.865886,0.094494328
2010-07-18,0.8218805,1.293840157
2010-07-19,0.8181975,2.037088583
2010-07-20,0.8268335,2.208626575
2010-07-21,0.8420735,0.170012592
2010-07-22,0.8538845,0.002840732
2010-07-23,0.949706,1.699236448
2010-07-24,1.661414,5.955610907
2010-07-25,1.995551,15.31740641
2010-07-26,1.4222095,0.000439593
2010-07-27,1.1007725,0.003862512
2010-07-28,0.944349913,2.984460024
2010-07-29,1.202563,2.96228167
2010-07-30,1.1021568,0.018546684
2010-07-31,0.969618419,2.021280469
2010-08-01,0.885092308,0.035399161
2010-08-02,0.8627745,0.002055657
2010-08-03,0.861695,6.00048131
2010-08-04,0.848395034,1.75137703
2010-08-05,1.030715613,23.53195291
2010-08-06,0.989562383,0.476364699
2010-08-07,0.924687,0.352447153
2010-08-08,0.867283,0.000858814
2010-08-09,0.8462645,0.000168634
2010-08-10,0.8314055,0.246252032
2010-08-11,0.8222615,1.104592146
2010-08-12,1.451356,10.68265622
2010-08-13,1.196721,0.048705932
2010-08-14,1.0300335,0.513456139
2010-08-15,1.0372725,10.90351831
2010-08-16,0.9281795,0.143644504
2010-08-17,0.866267,0.000852346
2010-08-18,0.837819,0.063934011
2010-08-19,0.832866,0.003384725
2010-08-20,0.818388,0.002173567
2010-08-21,0.811022,25.6072211
2010-08-22,1.281049,11.94607614
2010-08-23,1.0297795,1.601347588
2010-08-24,0.916559,0.230665072
2010-08-25,0.8992235,0.763017828
2010-08-26,0.892683,0.120543918
2010-08-27,0.870712,0.006859051
2010-08-28,0.866013,0
2010-08-29,0.8629015,0.000858307
2010-08-30,0.8535035,0.000864267
2010-08-31,0.8462645,0
2010-09-01,0.843788,0
2010-09-02,0.8537575,0.663002503
2010-09-03,0.8485505,6.956811556
2010-09-04,0.910844,0.499918313
2010-09-05,0.846836,0.006193897
2010-09-06,0.8246745,0.142636415
2010-09-07,0.8296275,2.077972152
2010-09-08,0.862203,0.64529537
2010-09-09,0.8367395,0.003903449
2010-09-10,0.836549,0.009621804
2010-09-11,0.831977,4.640719016
2010-09-12,0.9027795,0.720807437
2010-09-13,0.8795385,0.224579482
2010-09-14,0.842899,0
2010-09-15,0.827024,0.000852389
2010-09-16,0.864235,9.667473369
2010-09-17,1.297686,0.978794478
2010-09-18,0.983361,0.001707946
2010-09-19,0.9150985,0.249297268
2010-09-20,0.906272,0.002074294
2010-09-21,0.9309735,1.43245E-06
2010-09-22,0.9831705,1.246960217
2010-09-23,0.9843135,0.018451231
2010-09-24,0.8557895,0.115291608
2010-09-25,0.828421,0.001067172
2010-09-26,0.8199755,0.164418155
2010-09-27,0.818134,5.743803863
2010-09-28,1.2522835,16.31909261
2010-09-29,1.3769975,0.009161472
2010-09-30,0.9989185,0.004094791
2010-10-01,0.9100185,0.169362278
2010-10-02,0.8763,5.536032407
2010-10-03,0.96393,13.2713787
2010-10-04,0.967867,2.458170488
2010-10-05,0.9780905,4.557272489
2010-10-06,1.0531475,0.213918456
2010-10-07,1.0170795,0.000938343
2010-10-08,0.946658,0.00085115
2010-10-09,0.941578,0
2010-10-10,0.9078595,0.219064839
2010-10-11,0.886841,0.52602719
2010-10-12,0.89281,0.008058593
2010-10-13,0.8726805,0.003465052
2010-10-14,0.924433,5.651126476
2010-10-15,0.972693,0.775141648
2010-10-16,0.912749,0.002240946
2010-10-17,0.879475,0.00258088
2010-10-18,0.8819515,1.273588932
2010-10-19,0.92329,0.011252282
2010-10-20,0.9037955,0
2010-10-21,0.8862695,1.776077294
2010-10-22,0.890016,0.011400853
2010-10-23,0.862965,0.00697008
2010-10-24,0.8529955,0.455791766
2010-10-25,0.8602345,0.706485193
2010-10-26,0.897382,10.99949234
2010-10-27,1.3423265,0.003333492
2010-10-28,1.0551795,0.034056907
2010-10-29,0.972693,0.093228328
2010-10-30,0.9566275,0.001290441
2010-10-31,0.929767,0.005194392
2010-11-01,0.908177,0.003579664
2010-11-02,0.9137015,0.000852346
2010-11-03,0.8871585,0.01445756
2010-11-04,0.896239,1.836128564
2010-11-05,1.084326,1.770565058
2010-11-06,1.307719,0.665193072
2010-11-07,1.181227,0.002147325
2010-11-08,1.0659745,0.00128273
2010-11-09,1.0136505,0
2010-11-10,0.97155,0.002146481
2010-11-11,0.9582785,0
2010-11-12,0.9321165,0
2010-11-13,0.916559,0.087719307
2010-11-14,0.9112885,1.831069883
2010-11-15,0.919988,0.000858307
2010-11-16,0.9199245,9.538615703
2010-11-17,1.5826105,12.79741267
2010-11-18,1.2761595,0.227921725
2010-11-19,1.1139805,0.003120459
2010-11-20,1.0680065,0.001711591
2010-11-21,1.0280015,0.005947169
2010-11-22,1.0964545,4.574140237
2010-11-23,1.3423265,4.776808024
2010-11-24,1.200531,0.010814344
2010-11-25,1.765935,27.30284943
2010-11-26,2.8556585,17.02654377
2010-11-27,1.966595,0.082288733
2010-11-28,1.575181,0.002767828
2010-11-29,1.39573,5.68434E-11
2010-11-30,1.9502755,27.72114736
2010-12-01,3.1864935,4.021948635
2010-12-02,2.3880445,0.126253191
2010-12-03,2.0177125,0.146179483
2010-12-04,1.7308195,0.552763244
2010-12-05,1.6114395,0.913333506
2010-12-06,1.527683,1.12960852
2010-12-07,1.425271304,1.19271499
2010-12-08,1.336802,0.562314858
2010-12-09,1.2844145,0.038440618
2010-12-10,1.256411,1.409578343
2010-12-11,1.24079,0.001704016
2010-12-12,1.593215,21.80193253
2010-12-13,2.1544915,4.741944363
2010-12-14,1.6411575,0.146222713
2010-12-15,1.451102,0.043668758
2010-12-16,1.37541,0.037729712
2010-12-17,1.370965,0.383464347
2010-12-18,1.326261,0.006561072
2010-12-19,1.3044805,0.149086397
2010-12-20,1.262888,0.045840887
2010-12-21,1.2265025,0.010367636
2010-12-22,1.1856085,0.669764876
2010-12-23,1.1745595,0.421438599
2010-12-24,1.154938,0.064758452
2010-12-25,1.142492,1.385259736
2010-12-26,1.1365865,0.78430783
2010-12-27,1.1270615,0.942400857
2010-12-28,1.1039475,0.007486142
2010-12-29,1.093597,0.000846386
2010-12-30,1.072896,2.24341986
2010-12-31,1.3099415,0.187581577
2011-01-01,2.3757255,8.21544496
2011-01-02,2.443988,0.001301208
2011-01-03,2.018411,0.000870228
2011-01-04,1.713103,0.131780549
2011-01-05,1.708658,0.010719311
2011-01-06,1.6049625,1.498167527
2011-01-07,1.435735,0.802326783
2011-01-08,1.3580745,1.249339879
2011-01-09,1.262137043,0.025170364
2011-01-10,1.208739818,0.002150687
2011-01-11,1.1683365,4.107945214
2011-01-12,1.098804,4.173045922
2011-01-13,1.123061,0.151006548
2011-01-14,1.0893425,0.416316077
2011-01-15,1.073531,0.933465629
2011-01-16,1.063117,0.062628734
2011-01-17,1.043178,0.006677517
2011-01-18,1.059053,3.844694661
2011-01-19,1.179957,2.182219961
2011-01-20,1.157351,3.026268711
2011-01-21,1.119505,2.170579736
2011-01-22,1.081278,0.074090418
2011-01-23,1.0902315,0.336442704
2011-01-24,1.0551795,1.007454047
2011-01-25,1.071245,0.643504603
2011-01-26,1.0733405,0.157141953
2011-01-27,1.053465,1.375563753
2011-01-28,1.0532745,2.017064606
2011-01-29,1.056894,1.98690102
2011-01-30,1.0550525,0.564070985
2011-01-31,1.004443,0.001395835
2011-02-01,0.9937115,11.92685635
2011-02-02,1.0956925,14.91392614
2011-02-03,1.3104495,0.172619639
2011-02-04,1.239139,0.002134059
2011-02-05,1.216152,7.823419288
2011-02-06,1.1882755,0.715863768
2011-02-07,1.1661775,1.3651696
2011-02-08,1.1776075,1.513017165
2011-02-09,1.143508,0.002955438
2011-02-10,1.150990703,0.004651014
2011-02-11,1.09728,0.018155627
2011-02-12,1.0861675,1.312291758
2011-02-13,1.07908725,0.195118209
2011-02-14,1.3828395,0.32235765
2011-02-15,1.61978975,0.020245845
2011-02-16,1.4457426,0.002998212
2011-02-17,2.092071,0.003023202
2011-02-18,3.2214185,0.945822852
2011-02-19,2.6585545,0
2011-02-20,2.163572,4.04307159
2011-02-21,3.0103445,14.03204905
2011-02-22,2.452497,3.496298488
2011-02-23,2.1153755,0.000881397
2011-02-24,1.9026505,1.808386717
2011-02-25,1.8371185,17.83080601
2011-02-26,1.681353,0.485595772
2011-02-27,1.602994,0.188510899
2011-02-28,4.7383065,23.91499509
2011-03-01,5.5965725,0.001280303
2011-03-02,3.5078035,0.001696041
2011-03-03,3.023997,0.001275539
2011-03-04,2.865247,6.865637788
2011-03-05,4.075303,39.07586641
2011-03-06,4.949698,5.524996537
2011-03-07,3.619119,0.001457691
2011-03-08,3.1115,0.002139806
2011-03-09,3.0352365,15.8509566
2011-03-10,5.1509295,13.92243362
2011-03-11,5.010277,11.01083564
2011-03-12,3.858514,0.030987428
2011-03-13,3.891788,0.070277357
2011-03-14,3.3211135,0.036408098
2011-03-15,2.8051125,5.232356743
2011-03-16,2.632202,1.325065043
2011-03-17,2.314829,0.000441207
2011-03-18,2.0918805,0.281836567
2011-03-19,1.9181445,0.005498179
2011-03-20,1.806321,0.190886635
2011-03-21,1.7512665,1.323809784
2011-03-22,1.6317595,1.407643275
2011-03-23,1.599311,8.076027944
2011-03-24,1.565148,0.655365478
2011-03-25,1.429131,0.02264368
2011-03-26,1.3630275,0.000732162
2011-03-27,1.3242925,0.001916701
2011-03-28,1.2847955,0.001293421
2011-03-29,1.2596495,0.000441074
2011-03-30,1.2252325,2.737949511
2011-03-31,1.2294235,0.527999032
2011-04-01,1.2527915,0.324961632
2011-04-02,1.2220575,2.319291931
2011-04-03,1.178306,0.655944056
2011-04-04,1.5050135,17.27707891
2011-04-05,3.5172015,2.908103477
2011-04-06,2.2167215,1.206873769
2011-04-07,1.876679,0.044431218
2011-04-08,2.2828885,10.91819412
2011-04-09,2.3138765,0.008784817
2011-04-10,1.9457035,0.031669006
2011-04-11,1.8029555,7.132067772
2011-04-12,1.7564735,0.020532034
2011-04-13,1.5744825,0.000448471
2011-04-14,1.4629765,0.000858307
2011-04-15,1.369695,0.060552364
2011-04-16,1.5065375,11.25958663
2011-04-17,2.12471,1.070216604
2011-04-18,1.691767,2.645714445
2011-04-19,1.856359,19.9779137
2011-04-20,3.820414,16.27241675
2011-04-21,2.720975,0.001788891
2011-04-22,2.201091429,8.374088192
2011-04-23,2.977007,24.88243401
2011-04-24,2.548382,3.765914469
2011-04-25,2.7383105,26.47011254
2011-04-26,3.4487485,3.083007025
2011-04-27,2.6892885,4.852523397
2011-04-28,2.3405465,7.291835677
2011-04-29,2.153666,2.454227815
2011-04-30,1.9556095,0.029423431
2011-05-01,1.733677,13.2436589
2011-05-02,1.7779365,19.53768986
2011-05-03,2.468118,23.11842826
2011-05-04,2.8814395,1.85854107
2011-05-05,2.231898,1.06228E-06
2011-05-06,1.888871,3.506640241
2011-05-07,2.074672,2.611433777
2011-05-08,1.9431,1.748754649
2011-05-09,1.697863,0.002563767
2011-05-10,1.530858,0.815208619
2011-05-11,1.453896,0.416256955
2011-05-12,1.4377035,7.440597251
2011-05-13,1.975866,3.405318427
2011-05-14,2.320925,16.23416159
2011-05-15,2.9289375,22.47502929
2011-05-16,2.737866,4.929880666
2011-05-17,2.383282,7.032313746
2011-05-18,2.414016,7.795319006
2011-05-19,2.6463625,0.880721321
2011-05-20,2.2375495,0.075212791
2011-05-21,1.9025235,0.000435114
2011-05-22,1.7930495,3.976680322
2011-05-23,1.7018,3.955632311
2011-05-24,2.1878925,16.44938413
2011-05-25,1.6663035,1.491533676
2011-05-26,4.736592,16.51654811
2011-05-27,4.838827,5.565203951
2011-05-28,2.88671,0.256214811
2011-05-29,2.4639905,0.433332324
2011-05-30,2.351786,0.001713633
2011-05-31,2.053336,0.307618072
2011-06-01,1.836039,0.016314279
2011-06-02,1.605915,0
2011-06-03,1.451991,0.000858307
2011-06-04,1.3650595,0.215480446
2011-06-05,1.299718,3.745510757
2011-06-06,1.250188,0.000844141
2011-06-07,1.4890115,0.301601117
2011-06-08,1.625473,1.017531853
2011-06-09,1.2359005,1.991732442
2011-06-10,1.1680825,2.128698529
2011-06-11,1.1873865,9.807549136
2011-06-12,1.314069,1.290603959
2011-06-13,1.2093575,0.130011802
2011-06-14,1.1633835,0.165648217
2011-06-15,1.0935335,0.000862132
2011-06-16,1.063879,5.180258176
2011-06-17,1.081786,1.242620065
2011-06-18,1.0563225,1.926409738
2011-06-19,1.0371455,9.813304273
2011-06-20,1.528191,5.127022258
2011-06-21,1.2969875,7.930202684
2011-06-22,1.408684,5.054733032
2011-06-23,1.2812395,11.00322571
2011-06-24,1.53162,2.079353469
2011-06-25,1.4227175,0.169955233
2011-06-26,1.2205335,0.005083513
2011-06-27,1.1262995,0.076257283
2011-06-28,1.100455,0.504915251
2011-06-29,1.0960735,5.68434E-11
2011-06-30,1.061593,0.002586842
2011-07-01,1.067181,0.001285017
2011-07-02,1.153541,3.022505554
2011-07-03,1.507871,4.887021299
2011-07-04,1.2110085,0.725729881
2011-07-05,1.058799,0
2011-07-06,1.0074275,0.247553277
2011-07-07,0.941324,0.155829313
2011-07-08,0.919099,2.878763212
2011-07-09,0.9203055,0.00129044
2011-07-10,0.898652,0.001707673
2011-07-11,0.888238,0.002246805
2011-07-12,1.0172065,0.11902623
2011-07-13,0.9368155,2.69490681
2011-07-14,0.911733,0.001722573
2011-07-15,0.883285,0.003639131
2011-07-16,0.8767445,0.030166336
2011-07-17,0.875411,0.03943371
2011-07-18,0.8834755,5.796160516
2011-07-19,3.6040695,16.50959101
2011-07-20,3.0574615,0.025937542
2011-07-21,1.383792,0.029584151
2011-07-22,1.23571,1.966262801
2011-07-23,1.4721205,2.940168541
2011-07-24,1.607439,5.371195867
2011-07-25,1.187704,2.268945066
2011-07-26,1.110869,0.037750472
2011-07-27,1.058291,0.000858214
2011-07-28,1.3171805,1.521325052
2011-07-29,1.36525,0.056202343
2011-07-30,1.1355705,0.154266811
2011-07-31,0.9392285,0.001299381
2011-08-01,0.8998585,1.370815678
2011-08-02,1.0647045,0.004848303
2011-08-03,1.180973,8.706078774
2011-08-04,1.1389995,1.187008307
2011-08-05,0.997585,0.611661674
2011-08-06,0.9484995,0.390843414
2011-08-07,0.9986645,3.947804133
2011-08-08,0.9761855,1.797979799
2011-08-09,1.0608945,11.84974668
2011-08-10,1.3790295,0.465043535
2011-08-11,1.062228,0.001125441
2011-08-12,0.981456,0.000435114
2011-08-13,0.938403,0.211039404
2011-08-14,1.1704955,13.32714395
2011-08-15,2.85369,4.529060619
2011-08-16,1.5117445,0.000856604
2011-08-17,1.14808,0
2011-08-18,1.0520045,0.090769011
2011-08-19,0.9998075,0.31482276
2011-08-20,0.971677,0.001365761
2011-08-21,0.998601,3.003145801
2011-08-22,1.028827,0.009070112
2011-08-23,0.958088,0.000864638
2011-08-24,1.012825,5.084454961
2011-08-25,1.447165,32.07380739
2011-08-26,1.1372215,0.440313817
2011-08-27,0.9956165,0.010492054
2011-08-28,0.9172575,1.030109894
2011-08-29,0.896874,0.006158904
2011-08-30,0.8905875,0.000431486
2011-08-31,0.926462298,0.102694605
2011-09-01,0.943483,9.791558121
2011-09-02,0.9410065,0.933698471
2011-09-03,0.932053,0.003182025
2011-09-04,0.9849485,6.7143987
2011-09-05,1.381379,4.584073466
2011-09-06,1.0372725,0.780463814
2011-09-07,1.0796905,9.012297064
2011-09-08,1.274826,22.61709507
2011-09-09,1.431798,1.328202583
2011-09-10,1.7605375,10.49264982
2011-09-11,1.9233515,7.052934036
2011-09-12,1.8706465,0.416071242
2011-09-13,1.378839,0.20159503
2011-09-14,1.1886565,1.003944539
2011-09-15,1.2774295,5.617565765
2011-09-16,1.2745085,0.001794159
2011-09-17,1.130046,0.349905008
2011-09-18,1.0794365,0.000435114
2011-09-19,1.0262235,16.16600593
2011-09-20,1.5393035,5.999660551
2011-09-21,1.304925,6.398152966
2011-09-22,1.7726025,0.009669909
2011-09-23,1.395095,24.07889329
2011-09-24,1.412494,0.022943018
2011-09-25,1.2155805,0.68555475
2011-09-26,1.342771,14.83628531
2011-09-27,2.683637,0.011889661
2011-09-28,1.6179165,2.249220747
2011-09-29,1.3312775,1.334995678
2011-09-30,1.3648055,15.1853712
2011-10-01,2.607056,11.28697159
2011-10-02,1.8442305,1.123074497
2011-10-03,1.7266285,1.732616992
2011-10-04,1.6456025,0.044193979
2011-10-05,1.452923234,0.002137567
2011-10-06,1.331214,0
2011-10-07,1.2960985,0.000846017
2011-10-08,1.262634,0.000871365
2011-10-09,1.2320905,0
2011-10-10,1.205357,0.002133846
2011-10-11,1.0920095,1.72429E-06
2011-10-12,0.9845675,7.480922123
2011-10-13,1.065276,0.35897353
2011-10-14,1.757299,3.457648407
2011-10-15,1.499616,0.848938336
2011-10-16,1.329055,4.524701555
2011-10-17,1.372616,0.09947938
2011-10-18,1.2587605,2.820429651
2011-10-19,1.5895955,44.80969469
2011-10-20,4.482465,11.30540528
2011-10-21,2.744851,3.282693502
2011-10-22,2.149602,0.252685371
2011-10-23,1.8970625,0.00088363
2011-10-24,1.857756,2.412983905
2011-10-25,1.8495645,0.000464284
2011-10-26,1.78816,3.653042849
2011-10-27,2.2317075,6.62560806
2011-10-28,2.261616,0.167181326
2011-10-29,1.792605,1.780531376
2011-10-30,1.5902305,0.317896235
2011-10-31,1.5089505,1.25437427
2011-11-01,1.432306,0.177368141
2011-11-02,1.3551535,0
2011-11-03,1.288542,0.0982588
2011-11-04,1.219327,0.082154925
2011-11-05,1.175385,0.000852346
2011-11-06,1.1370945,0.000435114
2011-11-07,1.098677,0.048208758
2011-11-08,1.062863,0.019194586
2011-11-09,1.0395585,2.921548695
2011-11-10,1.043051,0.419198138
2011-11-11,1.043559,0.397003903
2011-11-12,1.009269,0
2011-11-13,0.992124,0.016880017
2011-11-14,1.066927,13.32003284
2011-11-15,3.565017,9.955516699
2011-11-16,2.160778,0.417644703
2011-11-17,1.7658715,0.069502369
2011-11-18,1.65227,0.010104526
2011-11-19,1.631315,1.281531594
2011-11-20,1.5198725,1.651066801
2011-11-21,1.406017,3.596629294
2011-11-22,1.4035405,21.82471239
2011-11-23,3.0222825,11.41928479
2011-11-24,2.100707,0.001348501
2011-11-25,1.693926,0
2011-11-26,1.550162,0.000852346
2011-11-27,1.5423515,12.15970189
2011-11-28,2.498646638,15.75749211
2011-11-29,3.2728535,23.26114676
2011-11-30,2.8188285,3.35013587
2011-12-01,2.318385,0.000870228
2011-12-02,2.0625435,0.050031402
2011-12-03,1.9646265,0.002075402
2011-12-04,1.8216245,5.958864882
2011-12-05,2.1967825,39.7853116
2011-12-06,5.1302285,16.3291313
2011-12-07,3.2365315,1.314747825
2011-12-08,2.5521285,0.013065878
2011-12-09,2.2595205,2.029401056
2011-12-10,2.15773,0.040818939
2011-12-11,1.914652,0
2011-12-12,1.676654,0.001715165
2011-12-13,1.5092045,0.090833787
2011-12-14,1.441323,5.585542604
2011-12-15,1.818488681,21.45851195
2011-12-16,1.9838035,0.084209003
2011-12-17,1.632966,1.984540599
2011-12-18,1.5724505,0.264530258
2011-12-19,1.566037,0.174985326
2011-12-20,1.603502,7.417610522
2011-12-21,2.669286,9.043959378
2011-12-22,2.908046,1.036402788
2011-12-23,2.9746575,4.481773694
2011-12-24,2.441067,0.191762077
2011-12-25,2.1897975,0.000521455
2011-12-26,2.0178395,0.001794006
2011-12-27,1.864868,10.09695345
2011-12-28,2.130425,1.952275626
2011-12-29,1.8648045,0.751197695
2011-12-30,1.807083,2.913849276
2011-12-31,2.065655,1.518838724
2012-01-01,1.7638395,1.700412505
2012-01-02,1.682242,1.939189051
2012-01-03,1.6156305,1.418203908
2012-01-04,1.5512415,0.030976054
2012-01-05,1.501013,0.012672643
2012-01-06,1.541145,0.000857652
2012-01-07,1.7258665,0.001289788
2012-01-08,1.597406,0.011280016
2012-01-09,1.494917,0.007267655
2012-01-10,1.429639,0
2012-01-11,1.3716635,7.183625438
2012-01-12,1.627632,5.549081669
2012-01-13,1.6624935,5.601439204
2012-01-14,1.518285,0.964038109
2012-01-15,1.421892,0.069485225
2012-01-16,1.3529945,0.85848838
2012-01-17,2.320163,15.44281449
2012-01-18,2.464435,0.599557664
2012-01-19,1.960753,2.534024447
2012-01-20,1.706118,0.406289443
2012-01-21,1.6462375,8.788222435
2012-01-22,1.5870555,0.012471223
2012-01-23,2.472182,11.40030637
2012-01-24,3.161792,0.041105711
2012-01-25,2.309876,0.188499375
2012-01-26,2.101215,13.15529856
2012-01-27,4.1368345,19.80695162
2012-01-28,3.305302,2.240754171
2012-01-29,2.6250265,0.686144483
2012-01-30,2.3048595,0.026732616
2012-01-31,2.143887,0.0012815
2012-02-01,2.0800695,3.061954616
2012-02-02,1.8367375,0.141088283
2012-02-03,1.6473805,0.000435114
2012-02-04,1.564767,3.193164601
2012-02-05,1.5455265,0.004151492
2012-02-06,1.462151,0.000855327
2012-02-07,1.3996035,0.120170141
2012-02-08,1.3418185,0.747517469
2012-02-09,1.2907645,0.00257751
2012-02-10,1.246505,0.487621815
2012-02-11,1.2215495,3.819387389
2012-02-12,1.2008485,0.429943996
2012-02-13,1.193165,0.001704693
2012-02-14,1.213739,2.682337626
2012-02-15,1.242695,0.102654863
2012-02-16,1.415828426,4.72618372
2012-02-17,1.7546955,0.109308002
2012-02-18,1.39954,0.142140502
2012-02-19,1.348613,0.001910061
2012-02-20,1.323594,0.005087662
2012-02-21,1.2833985,4.476240374
2012-02-22,1.3505815,1.257692179
2012-02-23,1.3065125,2.722735176
2012-02-24,2.304923,10.33330207
2012-02-25,1.8599785,1.914323671
2012-02-26,1.5815945,0.00429902
2012-02-27,1.5094585,0.002144498
2012-02-28,1.448054,0
2012-02-29,2.1712555,20.81107454
2012-03-01,2.710434,0.533200471
2012-03-02,2.0920075,3.385039617
2012-03-03,2.6467435,0.867849841
2012-03-04,2.2938105,1.791636235
2012-03-05,2.08407,3.587476413
2012-03-06,1.913509,0.003445882
2012-03-07,1.7901285,0.002574857
2012-03-08,1.6389985,12.02671815
2012-03-09,1.996694,0.011371145
2012-03-10,1.6486505,0.000853064
2012-03-11,1.4999335,0.001719972
2012-03-12,1.534795,6.010950454
2012-03-13,2.055114,3.162752188
2012-03-14,1.7703165,0.002138521
2012-03-15,1.6689705,0.164585349
2012-03-16,1.7604105,0.246208854
2012-03-17,1.6016605,0.099475966
2012-03-18,1.740408,9.371882386
2012-03-19,2.71145,3.141716108
2012-03-20,2.105025,6.81621E-06
2012-03-21,1.7962245,2.10514E-05
2012-03-22,1.6341725,0.133521455
2012-03-23,1.5164435,2.417220847
2012-03-24,1.5217775,8.352261073
2012-03-25,1.4953615,0.706333709
2012-03-26,1.395857,0.012899293
2012-03-27,1.3010515,0.0012815
2012-03-28,1.244346,0.202546691
2012-03-29,1.2185015,0.001284956
2012-03-30,1.1946255,4.856322871
2012-03-31,1.2032615,3.160268411
2012-04-01,1.219327,2.139686117
2012-04-02,1.222375,0.578572893
2012-04-03,1.158748,0.000852346
2012-04-04,1.08331,0.820820244
2012-04-05,1.047115,0
2012-04-06,0.975487,0.000435114
2012-04-07,0.954659,0
2012-04-08,0.946404,0.163778957
2012-04-09,0.941959,3.438999709
2012-04-10,0.956564,0.834842188
2012-04-11,1.0445115,1.793633956
2012-04-12,1.0498455,0.01318236
2012-04-13,0.9879965,0.002577066
2012-04-14,0.981329,5.610907793
2012-04-15,1.0117455,5.677286459
2012-04-16,1.0114915,0.171402491
2012-04-17,1.003046,0.000935131
2012-04-18,1.006475,0.001724007
2012-04-19,1.0071735,0.191387986
2012-04-20,0.998982,0.011053975
2012-04-21,1.070737,5.706969558
2012-04-22,1.12268,0.503286467
2012-04-23,1.049401,0.038833215
2012-04-24,1.025554723,0.045335501
2012-04-25,0.998474,0.231515145
2012-04-26,0.9944735,4.422661919
2012-04-27,1.030097,0.495670894
2012-04-28,0.9914255,1.970651171
2012-04-29,0.9990455,0.009630607
2012-04-30,0.977265,0.932056214
2012-05-01,1.4576425,11.23381935
2012-05-02,1.2634595,13.61929508
2012-05-03,1.1170285,5.262025387
2012-05-04,1.0831195,4.899897453
2012-05-05,1.101598,1.746095548
2012-05-06,1.062863,0.001293421
2012-05-07,1.0203815,2.97258884
2012-05-08,3.117342,5.227377021
2012-05-09,2.4559895,4.342217913
2012-05-10,1.855216,2.494850224
2012-05-11,1.4525625,0.001710652
2012-05-12,1.26873,0.001723547
2012-05-13,1.1530965,0.066112214
2012-05-14,1.0923905,0.031570452
2012-05-15,1.050163,0.000861287
2012-05-16,1.0092055,3.023128489
2012-05-17,0.975487,0.000855327
2012-05-18,0.9534525,0
2012-05-19,0.94234,0
2012-05-20,0.9288145,0.000855327
2012-05-21,0.9197975,0.299557151
2012-05-22,0.948817,1.324167375
2012-05-23,0.9180195,0.003571868
2012-05-24,0.911352,0.109891145
2012-05-25,0.901827,0.473127803
2012-05-26,0.8954135,0.761578276
2012-05-27,0.887984,0.044713514
2012-05-28,0.887476,1.874621408
2012-05-29,0.881634,1.593336644
2012-05-30,1.0645775,0.000855293
2012-05-31,0.971423,0.403511228
2012-06-01,1.0141585,30.63874184
2012-06-02,1.1072495,0.394684604
2012-06-03,0.9558655,0.019025537
2012-06-04,0.917575,0.129305974
2012-06-05,0.8974455,0.906856937
2012-06-06,0.8933815,0.344248516
2012-06-07,0.885825,0.092381801
2012-06-08,0.8811895,0.016028143
2012-06-09,0.8703945,0.001713633
2012-06-10,0.86233,0
2012-06-11,0.857758,2.6486932
2012-06-12,0.8825865,4.812188046
2012-06-13,0.8653145,0.016231855
2012-06-14,0.851916,0.00128746
2012-06-15,0.846074,0.000828505
2012-06-16,0.839978,0.049982356
2012-06-17,0.839089,11.14115169
2012-06-18,1.144778,0.699663564
2012-06-19,1.0795635,0.003905072
2012-06-20,0.945896,0.000852346
2012-06-21,0.8956675,0.010545691
2012-06-22,0.8658225,0.227205691
2012-06-23,0.849122,0.347155887
2012-06-24,0.8336915,0.000846386
2012-06-25,0.826516,0.390345423
2012-06-26,0.8264525,6.39432E-07
2012-06-27,0.820166,0
2012-06-28,0.800735,0
2012-06-29,0.804926,0.188033861
2012-06-30,0.8052435,4.489709755
2012-07-01,0.8051165,0.722974022
2012-07-02,0.801624,0.291749514
2012-07-03,0.827451789,0.60968098
2012-07-04,1.0579735,0.054533636
2012-07-05,0.99949,0.258737476
2012-07-06,0.9643745,0.012155887
2012-07-07,0.866267,0.012226831
2012-07-08,0.8319135,0.002398079
2012-07-09,0.819785,0.000441074
2012-07-10,0.8166735,0.509394197
2012-07-11,0.809371,0.001165732
2012-07-12,0.8056245,0.08302056
2012-07-13,0.8669655,0.001290555
2012-07-14,0.8188325,0.056018558
2012-07-15,0.8014335,4.250360175
2012-07-16,0.853313,0.033932541
2012-07-17,0.8368665,0.000500251
2012-07-18,0.8168005,5.787176852
2012-07-19,0.9208135,6.007052369
2012-07-20,1.125347,9.255702917
2012-07-21,0.923163,0.002406175
2012-07-22,0.8583295,1.587092928
2012-07-23,0.8375015,0.140888778
2012-07-24,0.8289925,0.462547253
2012-07-25,0.814197,0.000866221
2012-07-26,0.8188325,5.060588309
2012-07-27,1.371981,2.032548304
2012-07-28,1.4755495,7.176064452
2012-07-29,1.138301,0.005112028
2012-07-30,0.975106,0
2012-07-31,0.9090025,1.40839157
2012-08-01,0.870585,0.317448117
2012-08-02,0.8523605,0.000858307
2012-08-03,0.8396605,0.016702925
2012-08-04,0.829056,0.21184311
2012-08-05,0.848995,22.68616133
2012-08-06,0.96012,0
2012-08-07,0.8739505,0.000441421
2012-08-08,0.8355965,0.286677279
2012-08-09,0.8402955,4.326122542
2012-08-10,1.0431145,24.88981055
2012-08-11,1.449705,1.453855723
2012-08-12,1.0493375,0.151872027
2012-08-13,0.939038,0.130913506
2012-08-14,0.922909,5.179348845
2012-08-15,0.930529,0.122741936
2012-08-16,0.880237,0.001029944
2012-08-17,0.8623935,10.60452566
2012-08-18,0.848487,0.000732393
2012-08-19,0.8253095,0.197960933
2012-08-20,0.8348345,1.639330901
2012-08-21,0.8922385,2.1974
2012-08-22,0.8824595,0.038257695
2012-08-23,0.8554085,0.00042501
2012-08-24,0.8319135,0
2012-08-25,0.8104505,0.017161346
2012-08-26,0.8025765,0
2012-08-27,0.891413,16.00097491
2012-08-28,1.3222605,0.99842612
2012-08-29,0.994426213,0.039539863
2012-08-30,0.8866505,0.00084796
2012-08-31,0.849122,0.000846386
2012-09-01,0.851916,1.136963863
2012-09-02,1.387475,10.91829363
2012-09-03,1.3094335,1.505114642
2012-09-04,1.43256,9.240642125
2012-09-05,1.622044,0.080247665
2012-09-06,1.114806,0.826958816
2012-09-07,1.0475595,1.414382115
2012-09-08,2.203831,31.56036845
2012-09-09,1.666113,0.30351456
2012-09-10,1.29921,0.008011969
2012-09-11,1.0864215,0.000414252
2012-09-12,0.995934,0.001719844
2012-09-13,0.9578975,0.107847052
2012-09-14,0.934847,3.122019217
2012-09-15,0.957834,0.000852346
2012-09-16,0.917575,0.001719793
2012-09-17,0.903478,0.000435114
2012-09-18,0.9572625,7.887629806
2012-09-19,1.070864,0.002002649
2012-09-20,0.949833,0.270493359
2012-09-21,0.911733,0.925882673
2012-09-22,1.461135,18.63338678
2012-09-23,1.4752955,0.556230274
2012-09-24,1.2031345,0.154346274
2012-09-25,1.026541,1.89180358
2012-09-26,1.318133,8.896134684
2012-09-27,1.4813915,2.797380432
2012-09-28,1.1323955,0.016057489
2012-09-29,1.020445,0.043785671
2012-09-30,0.970915,0.280647368
2012-10-01,0.954024,0.57116927
2012-10-02,1.079754,6.590277615
2012-10-03,1.2516485,1.075930095
2012-10-04,1.2552045,0.043917216
2012-10-05,0.9985375,4.259942887
2012-10-06,1.464564,14.21924877
2012-10-07,1.2841605,1.05658213
2012-10-08,1.1269345,0.018276287
2012-10-09,1.027049,0.000441074
2012-10-10,0.982853,1.700818531
2012-10-11,0.9568815,0
2012-10-12,0.93599,0.027329414
2012-10-13,0.9238615,3.31863918
2012-10-14,0.993775,4.018488835
2012-10-15,0.979932,3.200294325
2012-10-16,0.963422,0.008287442
2012-10-17,0.9307195,0.072486049
2012-10-18,0.9244965,2.284514238
2012-10-19,0.9490075,3.144326028
2012-10-20,0.9514205,3.354455949
2012-10-21,0.9330055,0.000850132
2012-10-22,0.916686,0.002133689
2012-10-23,0.9813925,1.541125367
2012-10-24,1.033907,0.40004756
2012-10-25,0.9496425,0
2012-10-26,0.931799,6.446539076
2012-10-27,1.5071725,17.68867822
2012-10-28,1.7593945,4.49194587
2012-10-29,3.0103445,21.03677225
2012-10-30,5.66801,26.24156006
2012-10-31,5.388864,8.377235253
2012-11-01,3.818255,1.868584143
2012-11-02,2.953512,0.066842943
2012-11-03,2.5624155,0.033051326
2012-11-04,2.3499445,0.066930744
2012-11-05,2.0978495,0.099000152
2012-11-06,1.833499,8.83466E-05
2012-11-07,1.6242665,0.000858307
2012-11-08,1.4586585,0.000450383
2012-11-09,1.3438505,0.000852346
2012-11-10,1.288850043,1.492891069
2012-11-11,1.215136,0.000435114
2012-11-12,1.183767,15.90807932
2012-11-13,1.5367,0.033830365
2012-11-14,1.296416,0.002338545
2012-11-15,1.20015,0
2012-11-16,1.1595735,0.001346734
2012-11-17,1.1223625,0
2012-11-18,1.094359,0.000852346
2012-11-19,1.0728325,0.001722584
2012-11-20,1.053592,0.120515794
2012-11-21,1.036066,0.000265788
2012-11-22,1.0177145,0.000858307
2012-11-23,0.999998,3.128140227
2012-11-24,0.989584,0.525606854
2012-11-25,0.9778365,0.082861905
2012-11-26,0.9822815,0.014361267
2012-11-27,0.9789795,1.132646964
2012-11-28,0.977773,0.000861287
2012-11-29,0.969772,0.000858307
2012-11-30,0.9551035,0
2012-12-01,0.9472295,0.000855327
2012-12-02,0.978916,6.582045744
2012-12-03,1.0739755,0.596324904
2012-12-04,1.031748,11.61287692
2012-12-05,1.726311,0.269424339
2012-12-06,1.3565505,0.000869497
2012-12-07,1.274699,2.252811367
2012-12-08,1.548254298,4.527593154
2012-12-09,1.5321915,0.756214449
2012-12-10,2.1217255,7.573636868
2012-12-11,2.170684,1.352572425
2012-12-12,1.8156555,0.000427663
2012-12-13,1.589659,0.002168299
2012-12-14,1.499489,0.00085331
2012-12-15,1.4012545,1.450819778
2012-12-16,1.321054,2.117830589
2012-12-17,1.270127,1.207609863
2012-12-18,1.7573625,4.650322526
2012-12-19,1.618996,1.201258895
2012-12-20,1.451864,9.777222417
2012-12-21,2.073021,7.379439644
2012-12-22,1.790319,0.77451757
2012-12-23,1.6383635,0.000990144
2012-12-24,1.546098,1.317140084
2012-12-25,1.47066,1.079199659
2012-12-26,1.428115,13.57947172
2012-12-27,1.410589,3.659438514
2012-12-28,1.3677265,0.213644775
2012-12-29,1.349248,5.502631006
2012-12-30,1.3513435,0.805283262
2012-12-31,1.294511,1.409195164
2013-01-01,1.29032,1.947840082
2013-01-02,1.297305,0.056431002
2013-01-03,1.2118975,0.021656019
2013-01-04,1.1910695,0.07697038
2013-01-05,1.1858625,0.130874462
2013-01-06,1.188466,1.009317867
2013-01-07,1.196594,0.139753444
2013-01-08,1.1894185,0.003423693
2013-01-09,1.1938,1.841724321
2013-01-10,1.4615795,0.000852346
2013-01-11,1.944751,10.93435075
2013-01-12,2.709799,0.049533067
2013-01-13,2.15773,27.51405106
2013-01-14,2.1979255,11.42293329
2013-01-15,2.020189,0.004738093
2013-01-16,1.895602,0.060714705
2013-01-17,1.767713,0.059099615
2013-01-18,1.618996,0.001391601
2013-01-19,1.475945362,0.003432969
2013-01-20,1.36017,0.001881553
2013-01-21,1.273048,0.304201536
2013-01-22,1.18618,0.64608531
2013-01-23,1.0741025,0.119312664
2013-01-24,1.06600487,0.593465916
2013-01-25,1.106297,2.660536723
2013-01-26,1.0728325,0.38828
2013-01-27,1.055624,0.00476272
2013-01-28,1.103249,8.798901311
2013-01-29,1.718945,5.127991723
2013-01-30,2.1697315,20.20881849
2013-01-31,2.343531,3.320309144
2013-02-01,1.9450685,0.368808748
2013-02-02,1.8216245,3.496572407
2013-02-03,1.8027015,0.983447869
2013-02-04,1.7035145,3.855359391
2013-02-05,1.6104235,0.976678375
2013-02-06,1.49606,1.337797261
2013-02-07,1.393063,0.011651756
2013-02-08,1.4584045,6.804915719
2013-02-09,1.56337,0.04766432
2013-02-10,1.388364,0.000908152
2013-02-11,1.569085,2.714105088
2013-02-12,1.6482695,0.013942292
2013-02-13,1.4857095,0.001972746
2013-02-14,1.418357617,0.87315128
2013-02-15,1.386332,1.086284691
2013-02-16,1.3491845,0.909937272
2013-02-17,1.29667,0.800082608
2013-02-18,1.22682,0.002054162
2013-02-19,1.303655,5.874616626
2013-02-20,1.360805,0.128367904
2013-02-21,1.236472,0.001313584
2013-02-22,1.183132,4.722766665
2013-02-23,1.191133,0.266599216
2013-02-24,1.2158345,0.135015805
2013-02-25,1.18872,0.00507134
2013-02-26,1.185164,13.3119187
2013-02-27,2.8373705,9.368713429
2013-02-28,2.3869015,2.977822276
2013-03-01,1.977517,0.801070599
2013-03-02,1.792097,0.39476785
2013-03-03,1.711325,0.342163529
2013-03-04,1.604674723,0.024450621
2013-03-05,1.5045055,0.018924564
2013-03-06,1.428369,1.7647864
2013-03-07,1.337564,0.568470002
2013-03-08,1.258951,0.185922849
2013-03-09,1.211707,4.14479E-06
2013-03-10,1.1875135,0.379716068
2013-03-11,1.228217,25.69250155
2013-03-12,2.4862155,0.422905398
2013-03-13,1.68021,1.060587625
2013-03-14,1.4681835,0.020150697
2013-03-15,1.411986,0.075882652
2013-03-16,1.455674,3.018371703
2013-03-17,1.52781,0.021860801
2013-03-18,1.446784,11.40694037
2013-03-19,1.8818225,0.688234299
2013-03-20,1.610995,0.278857991
2013-03-21,1.4655165,0.530118528
2013-03-22,1.4069695,0.00696728
2013-03-23,1.3524865,0.000158172
2013-03-24,1.3171805,0.473696112
2013-03-25,1.299083,11.22886158
2013-03-26,1.4622145,1.172181588
2013-03-27,1.5194915,0.30208246
2013-03-28,1.4611985,0.019361098
2013-03-29,1.3508355,0.000447239
2013-03-30,1.296924,0.000852346
2013-03-31,1.2663805,1.875259881
2013-04-01,1.283589,0.830296966
2013-04-02,1.3206095,0.026627545
2013-04-03,1.3146405,0.000456273
2013-04-04,1.2423775,0.000852346
2013-04-05,1.2197715,0.000977977
2013-04-06,1.175893,0.000435114
2013-04-07,1.12141,0.308709392
2013-04-08,1.085596,0.955960076
2013-04-09,1.0895965,2.472448502
2013-04-10,1.0927715,10.84964452
2013-04-11,3.365373,10.18966219
2013-04-12,2.575052,21.63468295
2013-04-13,2.2590125,0.73342711
2013-04-14,1.932178,0.005260065
2013-04-15,1.7821275,0.323267778
2013-04-16,1.6835755,15.61869663
2013-04-17,1.591899064,3.550299903
2013-04-18,1.447546,0.062225326
2013-04-19,1.4016355,9.808454625
2013-04-20,1.420241,0.566578708
2013-04-21,1.274699,0.01313113
2013-04-22,1.208151,0
2013-04-23,1.2054205,0.002563234
2013-04-24,1.3470255,23.67134429
2013-04-25,1.7873345,0.635460637
2013-04-26,1.503961021,0.006072835
2013-04-27,1.3121005,0.000429153
2013-04-28,1.2129135,7.996360551
2013-04-29,1.5123795,2.188051926
2013-04-30,1.470406,0.002938942
2013-05-01,1.2905105,0
2013-05-02,1.2223115,0.000321396
2013-05-03,1.173353,0.003007806
2013-05-04,1.1381105,2.98041E-06
2013-05-05,1.1128375,0.000859224
2013-05-06,1.0890885,0.243469504
2013-05-07,1.054354,0.598161572
2013-05-08,1.0098405,0.129009837
2013-05-09,1.0349865,0.00672833
2013-05-10,1.028319,9.522554498
2013-05-11,1.3397865,3.706843122
2013-05-12,1.1343005,1.385146312
2013-05-13,1.0531475,0.174096126
2013-05-14,1.020318,0.084552426
2013-05-15,1.005078,1.625006948
2013-05-16,0.9902825,0.279778822
2013-05-17,0.9479915,0.060156937
2013-05-18,0.934466,0.007897627
2013-05-19,0.9224645,0.544602657
2013-05-20,0.922147,0.237416592
2013-05-21,0.9181465,1.415290632
2013-05-22,0.924451915,5.433326328
2013-05-23,0.9530715,7.032902927
2013-05-24,0.9604375,2.070035076
2013-05-25,0.9277985,0.001721026
2013-05-26,0.904113,0.001728535
2013-05-27,0.8795385,0.667100944
2013-05-28,1.025271,15.66157075
2013-05-29,1.0760075,0.202609046
2013-05-30,0.9731375,0.060264418
2013-05-31,0.9337675,7.247523074
2013-06-01,1.245108,7.035429171
2013-06-02,1.5005685,20.1162496
2013-06-03,1.272159,0.64516383
2013-06-04,1.0989945,3.929E-06
2013-06-05,1.054608,0.001730858
2013-06-06,1.3009245,1.340756743
2013-06-07,2.097283404,0.335998288
2013-06-08,1.767967,0.2567358
2013-06-09,1.327023,0.211645446
2013-06-10,1.266952,30.86169011
2013-06-11,1.7465675,3.236799554
2013-06-12,1.36779,1.508304391
2013-06-13,1.6958945,25.09035961
2013-06-14,1.54432,0.607214275
2013-06-15,1.298448,0.852730349
2013-06-16,1.230757,5.352829417
2013-06-17,1.291717,0.074234783
2013-06-18,1.265301,2.249263407
2013-06-19,1.1764645,0.0081367
2013-06-20,1.119378,0.000435114
2013-06-21,1.054354,0.001720974
2013-06-22,0.960374,0.231441422
2013-06-23,0.9394825,2.784792817
2013-06-24,0.926592,0.461425389
2013-06-25,0.928878,3.478171331
2013-06-26,2.6334085,2.894927332
2013-06-27,1.79578,20.36021358
2013-06-28,1.3950315,14.17473768
2013-06-29,1.3377545,13.19312852
2013-06-30,1.5290165,12.89529824
2013-07-01,1.4422755,10.02249622
2013-07-02,1.4133195,1.86554768
2013-07-03,1.1489055,4.335721003
2013-07-04,1.12395,11.37267301
2013-07-05,1.2108815,16.15990199
2013-07-06,1.180973,8.712847406
2013-07-07,1.211072,3.486520986
2013-07-08,1.205738,4.396884249
2013-07-09,1.9277965,20.29090892
2013-07-10,3.65379,8.606001108
2013-07-11,4.66979,3.386204406
2013-07-12,3.5207575,0.519901775
2013-07-13,2.467737,0.187687364
2013-07-14,1.9944715,0.690138385
2013-07-15,1.890268,0.377170567
2013-07-16,1.719961,1.012433397
2013-07-17,1.5817215,0.050071429
2013-07-18,1.421384,0.036726492
2013-07-19,1.372362,0.593970892
2013-07-20,1.664462,19.21770886
2013-07-21,1.5686405,1.560426882
2013-07-22,1.2484735,7.707591238
2013-07-23,1.2520295,9.649487054
2013-07-24,1.5735935,1.618190283
2013-07-25,1.3816965,0.05852032
2013-07-26,1.2814935,0.000852346
2013-07-27,1.2643485,19.1136616
2013-07-28,1.323086,0.539006533
2013-07-29,1.2995275,0.186706877
2013-07-30,1.1283315,0.022120991
2013-07-31,1.016,0.879590866
2013-08-01,1.014222,3.246496408
2013-08-02,0.9938385,1.361238257
2013-08-03,1.071626,12.32819608
2013-08-04,1.109218,0.332560592
2013-08-05,1.025525,0.126748931
2013-08-06,0.986663,0.018914929
2013-08-07,0.9618345,0.903465477
2013-08-08,1.460381106,7.319500578
2013-08-09,1.698752,6.210213178
2013-08-10,1.3258165,0.766340426
2013-08-11,1.0997565,0.572925464
2013-08-12,1.0283825,1.263830103
2013-08-13,1.011682,4.207081611
2013-08-14,1.0213975,0.656331164
2013-08-15,1.003681,0.001289637
2013-08-16,0.9782175,0.001367052
2013-08-17,0.964819,0.000852346
2013-08-18,0.940689,0.01567159
2013-08-19,0.931926,0.001869882
2013-08-20,0.943356,0
2013-08-21,0.9330055,0.18689657
2013-08-22,0.9623425,2.015974581
2013-08-23,0.9841865,10.75574079
2013-08-24,0.9340215,0
2013-08-25,0.9203055,0.000435114
2013-08-26,0.9149715,0.001710653
2013-08-27,1.2389485,0.212450992
2013-08-28,1.571244,6.084940786
2013-08-29,1.1309985,0.072456303
2013-08-30,1.016762,0.101718802
2013-08-31,0.978027,1.812345427
2013-09-01,0.9559925,10.08418347
2013-09-02,1.0013315,3.347339999
2013-09-03,0.9981565,0.122460142
2013-09-04,0.958215,0.000854951
2013-09-05,0.950595,0.381850482
2013-09-06,0.9365615,-1.18316E-06
2013-09-07,0.9247505,0.023151743
2013-09-08,0.914908,0.498860446
2013-09-09,0.9163685,2.770539623
2013-09-10,0.910209,0.39213411
2013-09-11,0.911225,0.971326958
2013-09-12,1.010158,8.66720996
2013-09-13,1.6030575,8.615033115
2013-09-14,1.1997055,0.002211355
2013-09-15,1.0090785,0.081491597
2013-09-16,0.970661,4.518568411
2013-09-17,0.949833,0.00016485
2013-09-18,0.9408795,0.264609277
2013-09-19,0.9511665,0.610907392
2013-09-20,0.9389745,2.357520801
2013-09-21,1.859534,28.39836545
2013-09-22,1.8682335,0.012988046
2013-09-23,1.3489305,0.050164966
2013-09-24,1.1429365,0.000852346
2013-09-25,1.0469245,0.000858307
2013-09-26,1.006856,0
2013-09-27,0.9846945,0.000441074
2013-09-28,0.957072,0
2013-09-29,0.932942,0.632260496
2013-09-30,0.926211,2.597509739
2013-10-01,0.9176385,0.076857533
2013-10-02,0.9045575,0.447375475
2013-10-03,0.8941435,9.359048964
2013-10-04,1.0827385,3.010723631
2013-10-05,1.030478,4.903245024
2013-10-06,1.0668,12.59534607
2013-10-07,1.9175095,15.1303863
2013-10-08,1.5281275,0.000428339
2013-10-09,1.2089765,0.001302181
2013-10-10,1.0906125,0.002151728
2013-10-11,1.034923,-1.19209E-05
2013-10-12,1.0031095,0.158982673
2013-10-13,0.9785985,0.717615136
2013-10-14,0.9599295,0.001275539
2013-10-15,0.9487535,0.053729018
2013-10-16,1.0662285,2.14226993
2013-10-17,1.5422245,2.864173702
2013-10-18,1.431163,0.04603964
2013-10-19,1.2021185,8.350169793
2013-10-20,1.259332,0.001449641
2013-10-21,1.1378565,0.616247102
2013-10-22,1.13792,2.611557137
2013-10-23,1.118362,2.371599642
2013-10-24,1.149096,0.636776322
2013-10-25,1.1677015,0.293870835
2013-10-26,1.0589895,0.186893117
2013-10-27,1.0266045,0.47522004
2013-10-28,1.034288,0.000855327
2013-10-29,1.0607675,0.000858307
2013-10-30,1.062355,0
2013-10-31,1.0469245,12.68910747
2013-11-01,1.5832455,13.18439517
2013-11-02,1.4639925,5.050633826
2013-11-03,1.376426,0.209486339
2013-11-04,1.220724,0
2013-11-05,1.156335,0.051985534
2013-11-06,1.1315065,3.959545329
2013-11-07,1.400683,5.944855725
2013-11-08,1.47574,0.471918138
2013-11-09,1.3035915,0.000338452
2013-11-10,1.2098655,0.271227968
2013-11-11,1.1597005,1.716450731
2013-11-12,1.2552045,6.201655454
2013-11-13,1.2640945,0.045505169
2013-11-14,1.1897995,0.00128746
2013-11-15,1.1553825,0.000840425
2013-11-16,1.115822,0.012208315
2013-11-17,1.1132185,5.661241262
2013-11-18,1.5864205,3.933590558
2013-11-19,1.4723745,0.067895982
2013-11-20,1.297178,0.00256896
2013-11-21,1.218184,4.243710522
2013-11-22,1.2110085,5.6861773
2013-11-23,1.2397105,0.471860877
2013-11-24,1.1608435,0.228887074
2013-11-25,1.1346815,0.030313267
2013-11-26,1.109853,1.543796948
2013-11-27,1.1077575,0.688168164
2013-11-28,1.105027,0.175519572
2013-11-29,1.0696575,0.006318795
2013-11-30,1.0556875,0.000438526
2013-12-01,1.052068,0.001818236
2013-12-02,1.0560685,0.24048196
2013-12-03,1.0774045,0.804763035
2013-12-04,1.085596,0.261838703
2013-12-05,1.093216,1.746653741
2013-12-06,1.125982,5.436903845
2013-12-07,1.166495,1.421688735
2013-12-08,1.127252,1.219234856
2013-12-09,1.097788,1.246168242
2013-12-10,1.0723245,0.476318542
2013-12-11,1.034415,1.401801338
2013-12-12,0.9923145,0.1045557
2013-12-13,0.945261,0.000588598
2013-12-14,0.9708515,11.62873003
2013-12-15,1.007872,3.789007753
2013-12-16,1.000506,0.119383925
2013-12-17,0.9916795,2.795294121
2013-12-18,0.9930765,0.26242893
2013-12-19,0.995807,0.000868706
2013-12-20,1.221105,5.120770189
2013-12-21,2.584958,37.83065678
2013-12-22,5.288026,32.17975642
2013-12-23,3.651504,0.696752394
2013-12-24,2.674366,0.254592943
2013-12-25,2.3665815,0.278061736
2013-12-26,2.169795,0.915051005
2013-12-27,1.896364,0.019521302
2013-12-28,1.6640175,0
2013-12-29,1.510538,1.733137282
2013-12-30,1.5544165,0.972683429
2013-12-31,1.4161135,0.891811942
2014-01-01,1.3202285,3.461467623
2014-01-02,1.26238,9.105758377
2014-01-03,1.202817,1.076972814
2014-01-04,1.2223115,0.000864267
2014-01-05,1.155573,6.020417988
2014-01-06,1.594485,11.78927949
2014-01-07,1.4173835,0.033250904
2014-01-08,1.310894,0.233010592
2014-01-09,1.343025,0.491370359
2014-01-10,1.2652375,2.570256109
2014-01-11,2.1080095,11.5292424
2014-01-12,2.576957,0.365834616
2014-01-13,1.951355,0.466741277
2014-01-14,1.841246,2.646994635
2014-01-15,1.8288635,0.496675064
2014-01-16,1.7083405,1.673259353
2014-01-17,1.5516225,3.130027451
2014-01-18,1.4364335,1.028835971
2014-01-19,1.3039725,1.343299856
2014-01-20,1.2724765,0.494199901
2014-01-21,1.209167,1.142277258
2014-01-22,1.12776,0.207701947
2014-01-23,1.057402,1.666335207
2014-01-24,1.0447655,0.295735961
2014-01-25,1.045464,6.791444881
2014-01-26,1.03632,2.155147004
2014-01-27,1.0539095,1.54210911
2014-01-28,1.040511,0.011524256
2014-01-29,1.0367645,-2.67129E-06
2014-01-30,1.041273,0.000855327
2014-01-31,1.018794,0.529186386
2014-02-01,1.01346,9.363857445
2014-02-02,1.2892405,12.65494683
2014-02-03,1.17983,0.072908621
2014-02-04,1.1312525,0.690439756
2014-02-05,1.0211435,21.7855486
2014-02-06,1.0156825,0.152543388
2014-02-07,1.0324465,0.008317568
2014-02-08,1.0387965,0.234467113
2014-02-09,1.008253,5.268722119
2014-02-10,0.9992995,0.086899185
2014-02-11,1.0028555,0.015508558
2014-02-12,0.969645,0.001002958
2014-02-13,0.963676,0.001293421
2014-02-14,1.033399,0.624559524
2014-02-15,0.963168,0.427866789
2014-02-16,0.912345913,1.344215583
2014-02-17,0.945261,0.318875101
2014-02-18,0.924179,9.585203467
2014-02-19,0.9205595,0.30255878
2014-02-20,1.053211,7.341104143
2014-02-21,2.23139,7.113304007
2014-02-22,2.242185,0.168491187
2014-02-23,2.2022435,2.625079724
2014-02-24,1.968754,0.093745783
2014-02-25,1.6878935,0.772639823
2014-02-26,1.552194,0.662891677
2014-02-27,1.3922375,0.467834535
2014-02-28,1.3104495,0.000158782
2014-03-01,1.270562043,0.002315254
2014-03-02,1.1812905,6.14645873
2014-03-03,1.1185525,0.135878074
2014-03-04,1.084453,0.008866187
2014-03-05,1.023747,0.744149115
2014-03-06,0.9845675,0.128531563
2014-03-07,0.986663,0
2014-03-08,1.1021695,1.747878712
2014-03-09,1.0686415,0.386560007
2014-03-10,1.123696,0.109648384
2014-03-11,1.783715,0
2014-03-12,2.2930485,23.59877193
2014-03-13,2.1930995,0.101944752
2014-03-14,1.831975,0.021849909
2014-03-15,2.3465155,1.003463698
2014-03-16,1.9996785,0.059178442
2014-03-17,1.699641,0.002216142
2014-03-18,1.5945485,0.002152284
2014-03-19,1.570863,5.315679174
2014-03-20,1.7849215,1.463705517
2014-03-21,1.541907,0.733250429
2014-03-22,1.447165,0.288449809
2014-03-23,1.39065,0.094312384
2014-03-24,1.3110845,0.03110274
2014-03-25,1.2312015,1.380874986
2014-03-26,1.1810365,0.056070848
2014-03-27,1.1393805,0.504944145
2014-03-28,1.321054,2.885862463
2014-03-29,1.289939,8.388185051
2014-03-30,1.6546195,3.889277193
2014-03-31,2.0221575,0.000855327
2014-04-01,1.862455,0.650620133
2014-04-02,1.580207186,0.618422106
2014-04-03,1.508019771,18.5673181
2014-04-04,3.2517715,10.6223031
2014-04-05,2.6930985,0.019547339
2014-04-06,2.0688935,0.001296231
2014-04-07,1.8193385,7.718922439
2014-04-08,3.357499,10.29753132
2014-04-09,2.603881,0
2014-04-10,2.058289,0.00086202
2014-04-11,2.197227,4.893836294
2014-04-12,2.167382,5.2544E-05
2014-04-13,1.8160365,0.05649236
2014-04-14,1.6524605,3.867524855
2014-04-15,2.5908635,17.77710816
2014-04-16,1.959483,0.004938582
2014-04-17,1.71958,0.000852346
2014-04-18,1.615948,0.241927972
2014-04-19,1.3688695,0.001478437
2014-04-20,1.309624,0
2014-04-21,1.2988925,0
2014-04-22,1.285367,2.525497432
2014-04-23,1.151128,0.039858437
2014-04-24,1.0285095,0.000854393
2014-04-25,1.0205085,9.643299976
2014-04-26,1.215644,0.001772684
2014-04-27,1.1608435,0.001717355
2014-04-28,1.12141,11.69002908
2014-04-29,1.660652,16.40590237
2014-04-30,2.7864435,24.35149598
2014-05-01,3.173857,0.527156255
2014-05-02,2.240915,0.975986631
2014-05-03,1.9072225,1.587388143
2014-05-04,1.812417,0.033178572
2014-05-05,1.6701135,1.930116614
2014-05-06,1.4937105,0.000852346
2014-05-07,1.400937,4.043806162
2014-05-08,1.375537,0.062452936
2014-05-09,1.309243,0.12635493
2014-05-10,1.4116685,0.109803691
2014-05-11,1.2183745,0.183500325
2014-05-12,1.1988165,9.070764287
2014-05-13,4.567047,0.275859445
2014-05-14,3.2663765,14.12139747
2014-05-15,3.675761,27.39607403
2014-05-16,2.9346525,0.025869465
2014-05-17,2.2066885,4.708552725
2014-05-18,1.9742785,0.647825499
2014-05-19,1.772031,0.000855769
2014-05-20,1.59512,0.949254338
2014-05-21,1.450721,5.146635446
2014-05-22,1.345946,0.489608874
2014-05-23,1.264285,0.067193596
2014-05-24,1.215644,0.00361065
2014-05-25,1.1806555,0
2014-05-26,1.0804525,0.000852346
2014-05-27,1.0432415,6.944477093
2014-05-28,1.194816,6.682590536
2014-05-29,1.1073765,2.397814761
2014-05-30,0.9989185,0.00257278
2014-05-31,0.9453245,0.003002016
2014-06-01,0.919607,0.001735438
2014-06-02,0.895858,5.932446388
2014-06-03,0.9391015,5.727334734
2014-06-04,0.914019,12.38415852
2014-06-05,1.182624,1.218728127
2014-06-06,1.0107295,1.48146E-06
2014-06-07,0.9313545,0
2014-06-08,1.1177905,16.89400665
2014-06-09,1.7789525,0.0012815
2014-06-10,1.332108522,0.356654248
2014-06-11,1.117902638,11.01279827
2014-06-12,1.0200005,3.128969699
2014-06-13,0.964184,0.370708216
2014-06-14,0.9297035,0.002563
2014-06-15,0.889635,0
2014-06-16,0.868553,0.655286529
2014-06-17,0.877062,0.021366625
2014-06-18,1.187069,6.048449286
2014-06-19,1.796763574,14.63387595
2014-06-20,1.6967835,4.131217223
2014-06-21,1.6759555,1.406227568
2014-06-22,1.6087725,0.789855162
2014-06-23,1.4671675,1.526007335
2014-06-24,2.0696555,5.628501163
2014-06-25,2.7663775,22.72692876
2014-06-26,1.8961735,0.673768586
2014-06-27,1.466342,0.00138592
2014-06-28,1.333119,0.000520424
2014-06-29,1.3589,5.098253572
2014-06-30,1.3970635,0.040095966
2014-07-01,1.298575,5.066161667
2014-07-02,1.253617,3.357905759
2014-07-03,1.3338175,0.665832413
2014-07-04,1.1739245,0.377293078
2014-07-05,1.0687685,0.00044269
2014-07-06,1.0099675,0.604457783
2014-07-07,0.9749155,3.810236211
2014-07-08,1.2305665,8.821077063
2014-07-09,1.1694795,0.602138638
2014-07-10,1.021461,0.818429882
2014-07-11,0.9658985,0.003044183
2014-07-12,0.950595,0.000426173
2014-07-13,1.0517505,2.968166852
2014-07-14,1.15316,0.157207045
2014-07-15,1.2541885,1.848014411
2014-07-16,1.1532235,0.130756369
2014-07-17,1.0710545,0.227836641
2014-07-18,1.035166703,0.003233608
2014-07-19,1.0542905,10.13241023
2014-07-20,1.159764,0.456994875
2014-07-21,1.046226,0.080850676
2014-07-22,0.9954895,0.005634745
2014-07-23,0.961771,1.808797714
2014-07-24,0.9393555,0.00274168
2014-07-25,0.922274,0.000857896
2014-07-26,0.914527,4.969587546
2014-07-27,1.652143,10.20587126
2014-07-28,2.2543135,12.54316028
2014-07-29,1.425448,0.226360154
2014-07-30,1.3335,1.005170367
2014-07-31,1.803781,0.181492274
2014-08-01,1.5760065,0.110238094
2014-08-02,1.4327505,5.950523293
2014-08-03,1.37922,4.570521256
2014-08-04,1.456309,0.028298299
2014-08-05,1.2864465,1.094889826
2014-08-06,1.275461,3.054773346
2014-08-07,1.187831,0.001290282
2014-08-08,1.0939145,0.000841867
2014-08-09,1.050036,0
2014-08-10,1.0238105,0.001595544
2014-08-11,1.0139045,19.23305531
2014-08-12,1.7720945,7.104499108
2014-08-13,2.252599,1.506752925
2014-08-14,1.5969615,0.003166726
2014-08-15,1.32334,0.000424717
2014-08-16,1.1563985,0.00641877
2014-08-17,1.1725275,0.776000907
2014-08-18,1.107948,0.045289839
2014-08-19,1.0349865,0.539174784
2014-08-20,1.965198,28.08112802
2014-08-21,2.10058,0.59965779
2014-08-22,1.8115915,5.64070825
2014-08-23,1.5031085,0.049384904
2014-08-24,1.409319,0.014081445
2014-08-25,1.306068,0.534053934
2014-08-26,1.188466,1.259015361
2014-08-27,1.402588,2.212325453
2014-08-28,1.1246485,0.001709608
2014-08-29,1.069467,1.89268E-05
2014-08-30,1.0243185,0.744945775
2014-08-31,1.0146665,4.432390311
2014-09-01,1.1198225,1.130790026
2014-09-02,1.0471785,4.599661014
2014-09-03,1.03378,0.097237448
2014-09-04,0.989457,0.000854587
2014-09-05,0.967994,1.020978043
2014-09-06,1.891411,7.608609646
2014-09-07,1.300734,0.000441148
2014-09-08,1.1127105,0
2014-09-09,1.0361295,1.301393638
2014-09-10,1.0086975,2.612314071
2014-09-11,2.011172,11.98074393
2014-09-12,1.587754,0.211015946
2014-09-13,1.258951,1.667879102
2014-09-14,1.1320145,0.093840066
2014-09-15,1.091946,1.901461638
2014-09-16,1.163574,3.065314427
2014-09-17,1.0988675,0.001006474
2014-09-18,1.040638,0.026637617
2014-09-19,1.0032365,0.000849374
2014-09-20,0.9834245,0.000775731
2014-09-21,0.9578975,4.144095398
2014-09-22,1.022985,0.292796661
2014-09-23,0.9863455,-3.98832E-06
2014-09-24,0.990092,0.000852346
2014-09-25,0.9688195,0.001275262
2014-09-26,0.9636125,0.000885041
2014-09-27,0.9601835,0
2014-09-28,0.9609455,0.000858307
2014-09-29,0.9598025,0.000855327
2014-09-30,1.039622,3.927921601
2014-10-01,1.1180445,0.173969669
2014-10-02,0.928497,0.002144423
2014-10-03,0.89662,4.977520787
2014-10-04,1.2646025,4.430461615
2014-10-05,1.0633075,0.161672595
2014-10-06,0.959104,2.925242258
2014-10-07,0.9761855,12.28493117
2014-10-08,1.00965,0.189972861
2014-10-09,0.95123,0.000852346
2014-10-10,0.929767,0.002148996
2014-10-11,0.9347835,-3.28606E-06
2014-10-12,0.931672,0.000441074
2014-10-13,0.926719,1.206843996
2014-10-14,0.9271,13.44134573
2014-10-15,1.2465685,14.47666738
2014-10-16,1.5219045,2.626790737
2014-10-17,1.2544425,0.196442021
2014-10-18,1.2717145,2.348337355
2014-10-19,1.3148945,0.062010291
2014-10-20,1.17856,4.841748278
2014-10-21,1.759966,5.696096633
2014-10-22,1.732153,0.38817836
2014-10-23,1.376553,0.001187784
2014-10-24,1.2341225,0.000435114
2014-10-25,1.179703,0.045290517
2014-10-26,1.1400155,0.002143118
2014-10-27,1.111758,0
2014-10-28,1.0824845,4.442948259
2014-10-29,1.070483,0.022424316
2014-10-30,1.041527,0.056828556
2014-10-31,1.017397,3.751113977
2014-11-01,1.0624185,7.570009367
2014-11-02,1.065345273,0.093746353
2014-11-03,0.990365538,0.017381667
2014-11-04,0.9815195,1.486368946
2014-11-05,1.001776,2.013231366
2014-11-06,1.010793,5.845020092
2014-11-07,1.5263495,3.808619713
2014-11-08,1.323594,0.120154492
2014-11-09,1.177671,0.075737739
2014-11-10,1.108329,0.000852346
2014-11-11,1.0850245,0.555102888
2014-11-12,1.0846435,2.122896843
2014-11-13,1.0546715,1.282222828
2014-11-14,1.0446385,0.305193126
2014-11-15,1.041146,0.015958894
2014-11-16,1.0263505,0.25668225
2014-11-17,1.0432415,10.69849344
2014-11-18,1.0944225,0.359541751
2014-11-19,1.024636,0.53647228
2014-11-20,1.002665,0.415795774
2014-11-21,1.0006965,0.125931343
2014-11-22,0.990219,3.114150783
2014-11-23,1.3703935,2.984194178
2014-11-24,1.705229,14.22250546
2014-11-25,1.669923,0.000349098
2014-11-26,1.385443,0.039637662
2014-11-27,1.3315315,1.683191775
2014-11-28,1.312672,0.577101524
2014-11-29,1.2784455,1.091666503
2014-11-30,1.306576,1.661455806
2014-12-01,1.306619234,2.375867669
2014-12-02,1.2035155,0.305968073
2014-12-03,1.139317,0.323011429
2014-12-04,1.103376,0.030962276
2014-12-05,1.075309,1.645230644
2014-12-06,1.9365595,16.49907946
2014-12-07,1.9577685,0.008974971
2014-12-08,1.5462885,0.000864267
2014-12-09,1.3802995,1.310637076
2014-12-10,1.38557,1.316754462
2014-12-11,1.3028295,0.075049019
2014-12-12,1.2023725,0.003517481
2014-12-13,1.1383645,0.113718176
2014-12-14,1.1040745,0.75226979
2014-12-15,1.073277,0.094235148
2014-12-16,1.147445,7.605663197
2014-12-17,1.315593,1.192694471
2014-12-18,1.2101195,0.149373111
2014-12-19,1.140079,0.354677521
2014-12-20,1.1127105,0.046651752
2014-12-21,1.0874375,0.101137277
2014-12-22,1.057788522,0.002912107
2014-12-23,1.0555605,4.433275568
2014-12-24,1.0771505,6.820928174
2014-12-25,1.3114655,2.666418595
2014-12-26,1.154049,0.000856927
2014-12-27,1.096899,0.368256032
2014-12-28,1.2635865,4.249606072
2014-12-29,1.286580255,0.012439727
2014-12-30,1.1772265,0.010330813
2014-12-31,1.109853,0.011155951
2015-01-01,1.050798,0.002142709
2015-01-02,1.0338435,0.001301698
2015-01-03,1.0620375,22.33355143
2015-01-04,3.082544,15.88720254
2015-01-05,2.3423245,0.968070973
2015-01-06,1.7266285,3.533759572
2015-01-07,1.511173,0.518933548
2015-01-08,1.421638,0.042457907
2015-01-09,1.381252,3.004050943
2015-01-10,1.3147675,0.002433501
2015-01-11,1.3767435,0.208585055
2015-01-12,1.3054965,11.81881542
2015-01-13,1.330833,0.194762778
2015-01-14,1.2604115,0.051783809
2015-01-15,1.1914505,0.030937594
2015-01-16,1.150493,0.107670396
2015-01-17,1.104138,0.011157364
2015-01-18,1.1458575,2.137940099
2015-01-19,1.2464415,0.303200861
2015-01-20,1.22174,1.904763263
2015-01-21,1.205103,6.040645847
2015-01-22,1.200404,0.25885088
2015-01-23,1.1773535,0.056188264
2015-01-24,1.172972,0.12091085
2015-01-25,1.1650345,3.379260333
2015-01-26,1.173861,4.495457451
2015-01-27,1.160526,0.07780009
2015-01-28,1.107694,0.000188142
2015-01-29,1.123188,6.483032683
2015-01-30,1.157824364,1.499373051
2015-01-31,1.1214735,0.000858307
2015-02-01,1.149223,11.62669802
2015-02-02,1.178941,9.980805704
2015-02-03,1.186053,0.022558129
2015-02-04,1.202055,4.643772111
2015-02-05,1.1872595,2.493391965
2015-02-06,1.1669395,0.0940927
2015-02-07,1.183386,0.001673768
2015-02-08,1.1903075,0.470734478
2015-02-09,1.4893925,1.747931214
2015-02-10,1.460881,0.161607896
2015-02-11,1.342771,1.469827711
2015-02-12,1.3286105,1.15851189
2015-02-13,1.24968,0.017235941
2015-02-14,1.2667615,4.372330856
2015-02-15,1.1593195,0.255972761
2015-02-16,1.1657965,0.058429827
2015-02-17,1.2044045,0.129899814
2015-02-18,1.3173075,1.747952091
2015-02-19,1.1313795,0.440235721
2015-02-20,1.105535,0.076844157
2015-02-21,1.196848,11.01450863
2015-02-22,1.177036,0.367520022
2015-02-23,1.1633835,0.061628978
2015-02-24,1.1645265,0.008263221
2015-02-25,1.146302,0.204285804
2015-02-26,1.1873865,1.475548042
2015-02-27,1.135634,0.105679175
2015-02-28,1.131443,0.000862204
2015-03-01,1.1505565,10.33789522
2015-03-02,1.146937,0.216097283
2015-03-03,1.1851005,6.357515208
2015-03-04,1.267333,2.538193731
2015-03-05,1.3140055,0.615401921
2015-03-06,1.176909,0.012231421
2015-03-07,1.1346815,0.246924544
2015-03-08,1.0963275,0.012070427
2015-03-09,1.2325985,1.040826112
2015-03-10,1.5951835,4.181759924
2015-03-11,2.130806,0.698075286
2015-03-12,2.8235275,0.001346187
2015-03-13,2.638933,3.33494003
2015-03-14,4.1942385,9.292238588
2015-03-15,4.2136695,0.002293953
2015-03-16,3.42265,0.004206994
2015-03-17,3.32613,0.060664244
2015-03-18,2.9393515,0.003433228
2015-03-19,2.5288875,0.000852346
2015-03-20,2.258568,0.916219513
2015-03-21,2.0334605,0.056808175
2015-03-22,1.8137505,0.008377526
2015-03-23,1.629537,1.936753327
2015-03-24,1.4863445,0.191325969
2015-03-25,1.427099,5.270525292
2015-03-26,1.6621125,15.42364209
2015-03-27,1.9004915,0.480106137
2015-03-28,1.5565755,0.362571124
2015-03-29,1.4211935,0.018124757
2015-03-30,1.3857605,1.259464025
2015-03-31,1.345819,3.326440371
2015-04-01,1.294638,0.003871218
2015-04-02,1.2319635,7.939660996
2015-04-03,1.3928725,7.914748023
2015-04-04,1.8165445,4.424727778
2015-04-05,1.5478125,0.001609106
2015-04-06,1.434592,0.657792622
2015-04-07,1.629664,8.587420132
2015-04-08,2.2011005,2.504463108
2015-04-09,2.2073235,8.381801606
2015-04-10,3.2647255,6.006253398
2015-04-11,2.470912,1.143764176
2015-04-12,2.016379,0.001726806
2015-04-13,1.8998565,5.394802154
2015-04-14,2.110613,0.077020784
2015-04-15,1.9180175,0.000852346
2015-04-16,1.682115,2.36350452
2015-04-17,1.6626205,2.293327826
2015-04-18,1.5445105,0.000852346
2015-04-19,1.493139,2.661662481
2015-04-20,1.7930495,17.05859422
2015-04-21,1.7552035,0.787177529
2015-04-22,1.399413,2.698365754
2015-04-23,1.29921,0.333420581
2015-04-24,1.2549505,0.005734253
2015-04-25,1.2233275,3.924569878
2015-04-26,1.2370435,0.455834747
2015-04-27,1.1984355,1.105190908
2015-04-28,1.190498,0.001451887
2015-04-29,1.1633835,0.002359187
2015-04-30,1.130173,12.27430164
2015-05-01,1.109472,0.656896253
2015-05-02,1.093724,0.008913856
2015-05-03,1.0730865,0.001565363
2015-05-04,1.063625,1.995178155
2015-05-05,1.0890885,2.042613996
2015-05-06,1.09060034,0.010984563
2015-05-07,1.061212,0.000942118
2015-05-08,1.044448,0.004796395
2015-05-09,1.0260965,0.043814753
2015-05-10,1.040257,1.883667581
2015-05-11,1.0466705,4.478497155
2015-05-12,1.2078335,3.474765331
2015-05-13,1.044829,0.024011913
2015-05-14,1.006348,0.000858307
2015-05-15,1.003554,3.571955054
2015-05-16,1.061085,14.06541648
2015-05-17,1.0297795,2.310774259
2015-05-18,1.0174605,3.39792805
2015-05-19,1.0178415,0.002610703
2015-05-20,0.9947275,0.004793735
2015-05-21,0.976122,2.242387402
2015-05-22,0.95018087,0.025685718
2015-05-23,0.935101,0.001710653
2015-05-24,0.9271635,0.000858307
2015-05-25,0.9184005,0.333176856
2015-05-26,0.919099,0.673185864
2015-05-27,1.1624945,10.32813062
2015-05-28,1.9318605,8.11844099
2015-05-29,1.513586,2.574803253
2015-05-30,1.3458825,6.09339854
2015-05-31,4.704842,25.0311517
2015-06-01,3.2205295,0.144270412
2015-06-02,2.397633,0.00119927
2015-06-03,1.9415125,0.047442819
2015-06-04,1.8082895,0.642427917
2015-06-05,1.6853535,0.499182984
2015-06-06,1.4930755,0.204190207
2015-06-07,1.340485,0.180815245
2015-06-08,1.239139,15.27720817
2015-06-09,1.1853545,2.291501063
2015-06-10,1.152271,0.25814778
2015-06-11,1.11887,2.120563042
2015-06-12,1.191768,6.381181433
2015-06-13,2.0036155,17.23951395
2015-06-14,1.415415,9.227298465
2015-06-15,1.8138775,4.456230879
2015-06-16,3.038475,30.79247577
2015-06-17,2.380615,2.462168163
2015-06-18,2.1555075,10.26093925
2015-06-19,2.6751915,6.156664763
2015-06-20,2.248535,1.593644759
2015-06-21,2.028444,2.999124947
2015-06-22,1.9596735,0.647319896
2015-06-23,2.9838015,6.218519111
2015-06-24,1.9761835,0
2015-06-25,1.7355185,3.513260273
2015-06-26,1.5429865,0.416284219
2015-06-27,3.168904,57.21868688
2015-06-28,4.506087,8.034780421
2015-06-29,3.183509,3.401654319
2015-06-30,2.7040205,6.597192699
2015-07-01,3.196209,3.524131018
2015-07-02,2.625852,0.421686197
2015-07-03,2.1536025,0.040981624
2015-07-04,1.83642,0.000435114
2015-07-05,1.635506,0.001726271
2015-07-06,1.4735175,0.016982675
2015-07-07,1.4290675,10.69606163
2015-07-08,1.7607915,3.070058306
2015-07-09,1.743964,10.12134292
2015-07-10,1.8641695,0.183304884
2015-07-11,1.496949,0.002586842
2015-07-12,1.290447,5.713546871
2015-07-13,1.5960725,0.624625015
2015-07-14,1.431163,6.346241853
2015-07-15,2.441829,0.311625927
2015-07-16,1.7414875,0.0012815
2015-07-17,1.4617065,4.676237847
2015-07-18,1.372108,5.691837773
2015-07-19,1.3025755,3.387806173
2015-07-20,1.2971145,0.026374512
2015-07-21,1.230376,0.847861524
2015-07-22,1.1802745,0.042845638
2015-07-23,1.099693,5.89349E-06
2015-07-24,1.078084085,0.000930283
2015-07-25,1.0315575,0.000852346
2015-07-26,1.0088245,1.403520369
2015-07-27,1.0375265,3.46243E-05
2015-07-28,0.9953625,0.000863122
2015-07-29,1.0225405,0.247488118
2015-07-30,1.004062,0.267882522
2015-07-31,0.9652,0.002633483
2015-08-01,0.9483725,0.006911879
2015-08-02,0.941324,0.306697698
2015-08-03,0.9408795,7.08521718
2015-08-04,0.933577,0.001332054
2015-08-05,0.9288145,0.016785628
2015-08-06,0.924306,0.001352757
2015-08-07,0.910336,0
2015-08-08,0.9121775,0
2015-08-09,0.9128125,0.241015065
2015-08-10,0.913511,10.40456062
2015-08-11,1.4105255,3.346241983
2015-08-12,1.0527665,1.132792502
2015-08-13,0.9930765,0.002156207
2015-08-14,0.9539605,0.081062376
2015-08-15,0.940435,9.83910705
2015-08-16,0.932688,0.150165576
2015-08-17,0.927735,1.293647044
2015-08-18,0.9906,1.68728639
2015-08-19,0.9718675,0.786574976
2015-08-20,0.9327515,9.983868155
2015-08-21,0.926592,0
2015-08-22,0.8993505,0
2015-08-23,0.887857,0.000880954
2015-08-24,0.884555,1.698712865
2015-08-25,0.8728075,0.66025841
2015-08-26,0.8698865,0.695726337
2015-08-27,0.8662035,1.1143208
2015-08-28,0.855726,0.002080537
2015-08-29,0.842772,0.07132486
2015-08-30,0.920496,6.853978687
2015-08-31,0.9243695,1.485840377
2015-09-01,0.8621395,0.135684109
2015-09-02,0.876681,0.64665722
2015-09-03,0.86233,0.480311558
2015-09-04,1.098931,7.96266027
2015-09-05,1.0116185,1.337735104
2015-09-06,0.8820785,0.259031923
2015-09-07,0.8509635,0.005396966
2015-09-08,0.834771,0.111823735
2015-09-09,0.831342,2.362759243
2015-09-10,0.8270875,0.903125592
2015-09-11,0.8213725,4.463529434
2015-09-12,1.4915515,11.31951116
2015-09-13,2.232025,0.808893663
2015-09-14,1.209548,0.001715009
2015-09-15,1.010539,0.000858307
2015-09-16,0.9455785,0.000441074
2015-09-17,0.9147175,0
2015-09-18,0.8959215,0.030909756
2015-09-19,0.8955405,2.274254214
2015-09-20,0.994791,0.018224488
2015-09-21,0.915035,0.001281475
2015-09-22,0.8919845,0.001765926
2015-09-23,0.8824595,0
2015-09-24,0.9416415,0.001708111
2015-09-25,1.101217,0
2015-09-26,0.990854,0
2015-09-27,0.849122,0.093137108
2015-09-28,0.835025,2.681954444
2015-09-29,0.8528685,7.981081145
2015-09-30,1.0676255,3.022988913
2015-10-01,0.9482455,0.001595961
2015-10-02,0.880491,0.021452452
2015-10-03,0.879094,7.820071081
2015-10-04,0.9972675,2.525455928
2015-10-05,0.923036,0.000846594
2015-10-06,0.889127,0.166705098
2015-10-07,0.8714105,0.011236707
2015-10-08,0.8532495,0.175246849
2015-10-09,0.852678,2.507193377
2015-10-10,0.8527415,0.007279223
2015-10-11,0.8386445,0.001722574
2015-10-12,0.8307705,0.007963527
2015-10-13,0.833882,0.313219785
2015-10-14,0.8335645,1.240914509
2015-10-15,0.842137,0.140313501
2015-10-16,0.9309735,1.626757725
2015-10-17,0.9493885,0.296799447
2015-10-18,0.8867775,0.034873193
2015-10-19,0.854202,0
2015-10-20,0.839851,0.000852346
2015-10-21,0.83312,0.003319078
2015-10-22,0.8263255,0.801077961
2015-10-23,0.8265795,0
2015-10-24,0.8212455,8.32687024
2015-10-25,1.054989,5.0205083
2015-10-26,0.981202,0
2015-10-27,0.904494,0.012222647
2015-10-28,1.3710285,36.86741965
2015-10-29,1.629791,0.878668177
2015-10-30,1.1906885,0.019709675
2015-10-31,1.0871835,0.047654293
2015-11-01,1.066927,2.824597412
2015-11-02,1.0536555,0.00086035
2015-11-03,1.028954,0.000441074
2015-11-04,1.0024745,0.036887916
2015-11-05,0.9686925,0.336013765
2015-11-06,0.9717405,15.05976722
2015-11-07,1.0113645,0.10673662
2015-11-08,0.957072,0.008835075
2015-11-09,0.9327515,0
2015-11-10,0.998474,6.062217955
2015-11-11,1.2127865,0.007630477
2015-11-12,1.0982325,3.986757529
2015-11-13,1.1082655,0.187288062
2015-11-14,1.0394315,0.020736373
2015-11-15,1.001014,3.43874E-06
2015-11-16,0.987806,0.000435114
2015-11-17,0.9718675,0.000858307
2015-11-18,0.9539605,7.839586676
2015-11-19,0.975868,7.590453217
2015-11-20,0.961136,0
2015-11-21,0.932434,3.10357841
2015-11-22,0.980313,1.855885796
2015-11-23,0.963422,0.119126022
2015-11-24,0.9316085,0.011507064
2015-11-25,0.910844,0
2015-11-26,0.904875,0.021437646
2015-11-27,0.9095105,6.726501042
2015-11-28,1.1163935,13.83155528
2015-11-29,1.1936095,0.012438193
2015-11-30,1.074547,0.001719594
2015-12-01,1.039749,2.670378855
2015-12-02,1.054608,1.241435514
2015-12-03,1.055497,0.38335234
2015-12-04,1.028827,0.024017866
2015-12-05,0.9963785,0.005465128
2015-12-06,0.968883,0.00170657
2015-12-07,0.954405,0.166361877
2015-12-08,0.9525,0.075741129
2015-12-09,0.9430385,0.747644369
2015-12-10,0.928751,0.057750475
2015-12-11,0.9239885,0.004745705
2015-12-12,0.9238615,3.43044353
2015-12-13,0.914908,0.296661704
2015-12-14,0.910336,7.192511441
2015-12-15,0.9440545,0.945628582
2015-12-16,0.937458783,0.013875941
2015-12-17,0.9222105,0.210615689
2015-12-18,0.9189085,0.170473273
2015-12-19,0.903732,0.117824267
2015-12-20,0.891159,6.62274E-07
2015-12-21,0.887857,3.839968137
2015-12-22,1.187323,5.652952021
2015-12-23,1.4836775,1.644573282
2015-12-24,1.4843125,4.257021928
2015-12-25,1.367917,1.780392503
2015-12-26,1.2278995,7.387888677
2015-12-27,3.054731,43.34712429
2015-12-28,3.451987,18.99582326
2015-12-29,2.788285,5.831327048
2015-12-30,2.3099395,0.011391553
2015-12-31,1.9805015,0.151017063
2016-01-01,1.7583785,0.136989801
2016-01-02,1.6146145,0.014415729
2016-01-03,1.514475,0.204053726
2016-01-04,1.333246,0.897854767
2016-01-05,1.2178665,0.045014387
2016-01-06,1.1180445,0.001293019
2016-01-07,1.092581,0.000861287
2016-01-08,1.079246,6.079098296
2016-01-09,1.226312,1.499241687
2016-01-10,1.371727,21.19624209
2016-01-11,1.5461615,0.091999888
2016-01-12,1.3044805,3.630118703
2016-01-13,1.227709,0.24658642
2016-01-14,1.171956,1.149408856
2016-01-15,1.1622405,1.8318955
2016-01-16,1.372489,4.783254475
2016-01-17,1.3134975,0.553455971
2016-01-18,1.183386,0.096107742
2016-01-19,1.0967085,0.026662341
2016-01-20,1.1222355,1.128530301
2016-01-21,1.104303652,0.029126438
2016-01-22,1.1015345,0.031681383
2016-01-23,1.055497,0.266268213
2016-01-24,1.0302875,0.000864048
2016-01-25,1.032891,0.003200144
2016-01-26,1.032129,1.439308608
2016-01-27,1.028573,0.14544363
2016-01-28,1.014984,0.292942423
2016-01-29,1.0266045,0.575097138
2016-01-30,1.0401935,0.000852346
2016-01-31,1.054608,0.75965104
2016-02-01,1.1226165,2.010930796
2016-02-02,1.12522,0.011760878
2016-02-03,1.7757775,16.8856544
2016-02-04,1.821688,0.343343377
2016-02-05,1.6155035,0.082881639
2016-02-06,1.5629255,0.022245387
2016-02-07,1.545209,0.000858307
2016-02-08,1.52781,6.520837802
2016-02-09,1.614043,1.698926672
2016-02-10,1.40716,1.548599668
2016-02-11,1.2472035,0.532681546
2016-02-12,1.184529,0.519672137
2016-02-13,1.149731,0.495778632
2016-02-14,1.128395,0.048519714
2016-02-15,1.1655425,2.312968703
2016-02-16,1.1264265,2.961368506
2016-02-17,1.1477625,0.935392061
2016-02-18,1.1237595,0.036867646
2016-02-19,1.118108,0.000852346
2016-02-20,2.12217,0.000852346
2016-02-21,2.010664,0.013801963
2016-02-22,1.718818,0.002450983
2016-02-23,1.583817,0
2016-02-24,2.4690705,28.97285844
2016-02-25,3.859421143,9.04599228
2016-02-26,2.5462992,0.65653287
2016-02-27,2.228215,0.03144055
2016-02-28,2.1264245,0.002998695
2016-02-29,1.980692,5.143830057
2016-03-01,1.7643475,9.986142118
2016-03-02,1.955557043,3.431171499
2016-03-03,1.693672,1.175422321
2016-03-04,1.5489555,3.480504974
2016-03-05,1.4959965,2.782668756
2016-03-06,1.449197,0.526805763
2016-03-07,1.383792,0.032206071
2016-03-08,1.314660766,0.887347849
2016-03-09,1.242441,0.079050842
2016-03-10,1.3528675,23.6173332
2016-03-11,2.509139,5.596886458
2016-03-12,1.8451195,0.002994749
2016-03-13,1.5965805,11.18128261
2016-03-14,2.114804,12.41623031
2016-03-15,2.563495,9.377379773
2016-03-16,2.110867,6.232287248
2016-03-17,1.877314,0.145693641
2016-03-18,1.7705705,0.158187691
2016-03-19,1.6454755,0.026894966
2016-03-20,1.476629,0.4422296
2016-03-21,1.3515975,0.041560049
2016-03-22,1.2506325,0.002568703
2016-03-23,1.1788775,1.400362824
2016-03-24,1.124331,5.752639062
2016-03-25,1.503934,5.571578213
2016-03-26,1.3179425,0
2016-03-27,1.2230735,0
2016-03-28,2.020951,12.03719918
2016-03-29,2.0117435,0.307721275
2016-03-30,1.656461,0.001753545
2016-03-31,1.5404465,12.22983262
2016-04-01,1.668272,10.60514902
2016-04-02,1.6467455,2.28112788
2016-04-03,1.6666845,3.064294827
2016-04-04,1.6099155,2.902531626
2016-04-05,1.4239875,0.051250871
2016-04-06,1.3289915,2.143731628
2016-04-07,1.643507,22.73380775
2016-04-08,2.1111845,3.775671405
2016-04-09,2.0635595,15.58337367
2016-04-10,1.9289395,0.339550836
2016-04-11,2.016517043,14.22891943
2016-04-12,3.0993715,0.095522749
2016-04-13,2.3330535,0.253944644
2016-04-14,1.96342,0.003515909
2016-04-15,1.858518,0.000852346
2016-04-16,1.6853535,0.000870228
2016-04-17,1.5015845,0.001275959
2016-04-18,1.375029,0.000853409
2016-04-19,1.265936,0
2016-04-20,1.1858625,0.000852346
2016-04-21,1.149858,5.130303699
2016-04-22,1.1443335,8.128495754
2016-04-23,1.378966,0.010578187
2016-04-24,1.2736195,0
2016-04-25,1.124966,0.049072727
2016-04-26,1.248664,6.193879226
2016-04-27,1.202055,0.007048149
2016-04-28,1.1288395,3.780560743
2016-04-29,1.145032,0.155091948
2016-04-30,1.0912475,5.474291684
2016-05-01,1.441196,15.88001005
2016-05-02,2.05613,8.455027061
2016-05-03,1.853819,0.313528111
2016-05-04,1.515618,4.526530349
2016-05-05,1.3885545,8.672111222
2016-05-06,1.29413,0.010263093
2016-05-07,1.233043,2.088713627
2016-05-08,1.183259,0.315368269
2016-05-09,1.1282045,0.455962228
2016-05-10,1.1400155,14.68510908
2016-05-11,1.1462385,2.279918668
2016-05-12,1.130681,1.395532972
2016-05-13,1.348994,11.54583077
2016-05-14,1.1467465,7.395495549
2016-05-15,1.6038195,1.690928431
2016-05-16,1.2590145,0.00086551
2016-05-17,1.094486,2.108887638
2016-05-18,1.038225,0.491016229
2016-05-19,1.026668,0.000249089
2016-05-20,1.0654665,0.000852562
2016-05-21,1.077087,13.50066199
2016-05-22,1.190117,0.133776419
2016-05-23,1.072769,0
2016-05-24,1.0299065,0.001734815
2016-05-25,0.9872345,0.28514563
2016-05-26,0.953389,0.345349877
2016-05-27,0.9436735,1.267256812
2016-05-28,0.933704,1.761363471
2016-05-29,0.910844,3.462870637
2016-05-30,1.0249535,2.869894617
2016-05-31,0.9285605,0.00436713
2016-06-01,0.907415,0.033208583
2016-06-02,0.8973185,0.744424636
2016-06-03,0.887984,0.022238489
2016-06-04,0.8763635,3.311358037
2016-06-05,0.9667875,10.05694441
2016-06-06,1.143127,0.141529393
2016-06-07,1.044575,0.529629081
2016-06-08,1.070737,0.585844577
2016-06-09,1.0409555,0
2016-06-10,0.97663,0.32807524
2016-06-11,0.9382125,1.059782501
2016-06-12,0.929894,0.034142073
2016-06-13,0.9023985,0.00042781
2016-06-14,0.8824595,0.151444546
2016-06-15,0.872998,5.542924572
2016-06-16,0.988822,5.067711758
2016-06-17,1.588262,1.032535562
2016-06-18,1.059942,0.002579723
2016-06-19,0.997077,2.77237E-06
2016-06-20,0.949579,0.134565466
2016-06-21,0.930656,4.656345218
2016-06-22,0.9093835,0.125891197
2016-06-23,0.9971405,22.35981499
2016-06-24,1.027049,0.000940451
2016-06-25,0.9281795,0.000426173
2016-06-26,0.8976995,1.282231002
2016-06-27,0.8935085,7.602695289
2016-06-28,0.888619,1.603433289
2016-06-29,0.8707755,0.059761549
2016-06-30,0.8611235,0
2016-07-01,0.8677275,1.568012833
2016-07-02,0.891159,0.046232142
2016-07-03,0.8584565,0.001004126
2016-07-04,0.851535,0.400538875
2016-07-05,0.8809355,0.937705741
2016-07-06,0.8569325,9.511346142
2016-07-07,0.862711,0.842279004
2016-07-08,0.949071,12.19617865
2016-07-09,0.972312,1.068322947
2016-07-10,0.917448,0.054239791
2016-07-11,0.880872,0.014145663
2016-07-12,0.871093,0.035966998
2016-07-13,0.8676005,0.517274983
2016-07-14,1.0622915,4.255369101
2016-07-15,0.950341,0.104320109
2016-07-16,0.8889365,1.473170448
2016-07-17,0.871347,0.033858943
2016-07-18,0.939546,4.87407309
2016-07-19,0.9473565,0.01808255
2016-07-20,0.8780145,0.000441074
2016-07-21,0.8587105,0.012771609
2016-07-22,0.857006809,9.857346622
2016-07-23,0.8536305,0.016582506
2016-07-24,0.8994775,1.155019242
2016-07-25,1.585341,1.76419147
2016-07-26,1.0442575,0.000877051
2016-07-27,0.93599,0.000131286
2016-07-28,0.8988425,0.474435463
2016-07-29,0.9142095,1.32438283
2016-07-30,1.0838815,13.09954246
2016-07-31,1.127887,6.458232011
2016-08-01,1.1321415,1.802272781
2016-08-02,0.936117,0.036446474
2016-08-03,0.8640445,0.009022055
2016-08-04,0.839978,0.387557205
2016-08-05,0.8301355,0.841033083
2016-08-06,0.845312,0.453671675
2016-08-07,0.823341,0.20951062
2016-08-08,0.8173085,0.05217009
2016-08-09,0.803021,2.469621516
2016-08-10,0.87122,30.30280457
2016-08-11,1.9671665,10.45806252
2016-08-12,1.6036925,2.309880111
2016-08-13,1.3002895,13.57916058
2016-08-14,1.364742,4.516753158
2016-08-15,1.1555095,11.02188102
2016-08-16,1.0079355,21.03907093
2016-08-17,0.98552,1.54329874
2016-08-18,1.058672,0.632703405
2016-08-19,0.9714865,3.081299519
2016-08-20,1.0809605,1.909671904
2016-08-21,0.931672,3.319416909
2016-08-22,1.014857,0.539478157
2016-08-23,0.959612,0
2016-08-24,0.911987,0.032602587
2016-08-25,0.959485,2.710848072
2016-08-26,0.918337,0.11392691
2016-08-27,0.895731,1.298900669
2016-08-28,0.9181465,1.063497404
2016-08-29,0.943737,0.065440546
2016-08-30,0.883666,0.001735894
2016-08-31,0.8653145,6.352008133
2016-09-01,0.942213,0.287954429
2016-09-02,0.877951,0.191438302
2016-09-03,0.846582,0.000444152
2016-09-04,0.835787,0.000858307
2016-09-05,0.825881,0.000852346
2016-09-06,0.8256905,0.267434474
2016-09-07,0.847598,3.721264499
2016-09-08,0.8693785,5.663441072
2016-09-09,1.1014075,2.911469811
2016-09-10,1.0375265,24.26432824
2016-09-11,1.402842,0.819021734
2016-09-12,1.058164,0.001717834
2016-09-13,0.9393555,0.000435114
2016-09-14,0.904621,5.38974728
2016-09-15,0.9322435,0
2016-09-16,0.8926195,0.000852346
2016-09-17,0.9357995,8.366626067
2016-09-18,1.057656,0.768938437
2016-09-19,1.0517505,0.032464737
2016-09-20,0.9455785,0.000432079
2016-09-21,0.8988425,0
2016-09-22,0.881634,0.001711453
2016-09-23,0.8804275,0.00348714
2016-09-24,0.8691245,0.014026673
2016-09-25,0.8519795,0.000865339
2016-09-26,0.863473,7.130211841
2016-09-27,0.924687,0
2016-09-28,0.863092,10.08836298
2016-09-29,1.015238,11.12382804
2016-09-30,2.040636,17.39472016
2016-10-01,1.8531205,4.553478361
2016-10-02,1.442847,1.601421264
2016-10-03,1.2600305,0.032249659
2016-10-04,1.094867,3.27193E-05
2016-10-05,0.985774,0.001719594
2016-10-06,0.948182,0.054038174
2016-10-07,0.9229725,0.000852346
2016-10-08,0.885698,0.100051359
2016-10-09,0.8729345,0.00257492
2016-10-10,0.8622665,0.001293421
2016-10-11,0.8580755,0.041869549
2016-10-12,0.8542655,0.002139869
2016-10-13,0.8931275,3.901379039
2016-10-14,0.8799195,0
2016-10-15,0.845439,0.002821642
2016-10-16,0.843534,1.176480545
2016-10-17,0.858266,4.794577389
2016-10-18,0.8531225,0.289989098
2016-10-19,0.88519,2.207238952
2016-10-20,1.334389,18.06668081
2016-10-21,2.0423505,26.92365069
2016-10-22,2.1802725,0.033193533
2016-10-23,1.557147,0.00260796
2016-10-24,1.311093957,0.352602639
2016-10-25,1.208659,0.000237563
2016-10-26,1.1506835,2.53840875
2016-10-27,1.1922125,6.922436884
2016-10-28,1.2097385,0.306740045
2016-10-29,1.100836,0.025322866
2016-10-30,1.06045,7.531208655
2016-10-31,1.1182985,0.013161168
2016-11-01,1.0362565,0.001616276
2016-11-02,0.9977755,0.027874473
2016-11-03,1.0401935,7.56170734
2016-11-04,1.005713,0.178264783
2016-11-05,0.956437,0
2016-11-06,0.9322435,0.000858307
2016-11-07,0.921639,0.000441421
2016-11-08,0.9203055,5.312348286
2016-11-09,1.2577445,3.729812397
2016-11-10,1.304417,0.002567685
2016-11-11,1.081913,0.011074142
2016-11-12,1.01346,0.000852346
2016-11-13,0.989584,0.000855327
2016-11-14,0.968883,0
2016-11-15,0.940816,0.001296094
2016-11-16,0.924433,0.134099209
2016-11-17,0.9128125,0.033412083
2016-11-18,0.911479,0
2016-11-19,0.9462135,6.839662679
2016-11-20,1.0730865,1.263833928
2016-11-21,1.016889,0.04595093
2016-11-22,0.971677,0.003618589
2016-11-23,0.956818,2.203922035
2016-11-24,1.023493,6.13097438
2016-11-25,1.0489565,0.466463662
2016-11-26,1.0047605,1.125037298
2016-11-27,1.00965,0.00180989
2016-11-28,0.9928225,0.581784859
2016-11-29,1.0393045,9.465315815
2016-11-30,1.038479,1.849890968
2016-12-01,1.1500485,0.980039248
2016-12-02,1.08839,0.536850541
2016-12-03,1.032891,0.070391791
2016-12-04,1.0089515,0.604708651
2016-12-05,1.0163175,5.966691548
2016-12-06,1.0243185,13.1432021
2016-12-07,1.409065,0.025456103
2016-12-08,1.1712575,0.145829298
2016-12-09,1.0852785,0.410055593
2016-12-10,1.05537,0.281544925
2016-12-11,1.023493,5.714549829
2016-12-12,1.061466,8.279246948
2016-12-13,1.104773,0.863594692
2016-12-14,1.0384155,0.206871745
2016-12-15,0.978789,0.527765458
2016-12-16,0.9689465,0.163427006
2016-12-17,1.0184765,10.51837722
2016-12-18,2.1038185,12.2803261
2016-12-19,1.6931005,0.025387118
2016-12-20,1.395594894,0
2016-12-21,1.2388215,0.003004074
2016-12-22,1.1933555,0.297675299
2016-12-23,1.168908,0.001098824
2016-12-24,1.204849,2.726142382
2016-12-25,1.4167485,0.309120928
2016-12-26,1.3467715,2.039873224
2016-12-27,2.0307935,12.64427982
2016-12-28,1.778889,0.060413735
2016-12-29,1.549908,3.584225786
2016-12-30,1.557401,1.182637039
2016-12-31,1.533398,1.110193464
2017-01-01,1.4576425,0.199861832
2017-01-02,1.378204,0.204968986
2017-01-03,1.491996,12.54230545
2017-01-04,2.426716,6.030126297
2017-01-05,1.911858,1.389960329
2017-01-06,1.5567025,0.101934917
2017-01-07,1.387729,0.036589234
2017-01-08,1.3201015,0.192947397
2017-01-09,1.2902565,0.108246096
2017-01-10,1.222375,5.39177192
2017-01-11,1.8540095,6.755870049
2017-01-12,3.2915225,29.59515835
2017-01-13,4.8160305,0.072982213
2017-01-14,3.165856,0.511198784
2017-01-15,2.634361,0.013469314
2017-01-16,2.352294,2.46211313
2017-01-17,2.3043515,12.49349602
2017-01-18,2.320925,1.618693254
2017-01-19,1.953641,0.226951825
2017-01-20,1.8310225,9.602589728
2017-01-21,1.9134455,0.252541569
2017-01-22,1.905381,1.988772544
2017-01-23,1.9986625,6.348363311
2017-01-24,2.0859115,4.063613963
2017-01-25,1.8620105,1.006382596
2017-01-26,1.7108805,2.329197251
2017-01-27,1.789049,1.187625274
2017-01-28,1.6331565,0.445886159
2017-01-29,1.512824,1.0524526
2017-01-30,1.453007,0.784842902
2017-01-31,1.40843,7.764092799
2017-02-01,1.498727,0.625313791
2017-02-02,1.504315,0.401953227
2017-02-03,1.4016355,0.163422748
2017-02-04,1.288161,0.004679185
2017-02-05,1.2519025,0.251141748
2017-02-06,1.268857,0.002474143
2017-02-07,2.768473,22.20203934
2017-02-08,3.131058,4.648868116
2017-02-09,2.261743,3.447471189
2017-02-10,2.0612735,0.361215064
2017-02-11,2.1278215,0.001729305
2017-02-12,2.2572345,11.25124331
2017-02-13,2.2046565,0.023960248
2017-02-14,1.863725,0.000435457
2017-02-15,1.698371,1.01849285
2017-02-16,1.572895,0.363400596
2017-02-17,1.460627,0.003585033
2017-02-18,1.423797,0.000852346
2017-02-19,1.387856,0.001710653
2017-02-20,1.3198475,0
2017-02-21,1.242822,0.008908849
2017-02-22,1.2252325,0.353921911
2017-02-23,1.267587,0.700725829
2017-02-24,1.2706985,7.150122047
2017-02-25,1.8706465,7.357976797
2017-02-26,1.709293,0.080856342
2017-02-27,1.458595,0.027229203
2017-02-28,1.3880465,0.230306919
2017-03-01,1.568704,9.8325396
2017-03-02,1.7728565,1.771576492
2017-03-03,1.5630525,0.660842256
2017-03-04,1.498092,0.00154049
2017-03-05,1.4322425,0.000431907
2017-03-06,1.440307,2.638130686
2017-03-07,2.300986,8.421240593
2017-03-08,2.880868,0.00621602
2017-03-09,2.2865715,0.012565515
2017-03-10,1.9744055,2.395039977
2017-03-11,1.87579,0.011676555
2017-03-12,1.7313275,0.023893106
2017-03-13,1.560449,2.770075972
2017-03-14,1.455674,4.547583089
2017-03-15,1.3855065,0.207068425
2017-03-16,1.3311505,0.016173276
2017-03-17,1.301242,4.861723636
2017-03-18,1.3067665,4.655572435
2017-03-19,1.465453,1.055926264
2017-03-20,1.475232,2.794749125
2017-03-21,1.547241,0.829855843
2017-03-22,1.4716125,0.021523133
2017-03-23,1.350264,0
2017-03-24,1.4853285,2.053169506
2017-03-25,1.5121255,0.953017656
2017-03-26,1.364488,4.097250846
2017-03-27,1.7333595,3.918276721
2017-03-28,1.7755235,7.991356952
2017-03-29,1.7458055,0.001788013
2017-03-30,1.5476855,11.93838286
2017-03-31,2.2016085,29.27976594
2017-04-01,3.6748085,0.30955372
2017-04-02,2.536698,0.000855327
2017-04-03,2.1334095,2.92687928
2017-04-04,3.052572,9.044104713
2017-04-05,2.4563705,0.08841759
2017-04-06,2.452243,17.1704915
2017-04-07,2.57429,13.25754894
2017-04-08,2.6276935,0.0012815
2017-04-09,2.351151,0.000426173
2017-04-10,1.906905,0.001080574
2017-04-11,1.8385155,2.599354083
2017-04-12,1.9484975,0.001729611
2017-04-13,1.6776065,0.26477238
2017-04-14,1.5898495,0.010331563
2017-04-15,1.546225,1.422593228
2017-04-16,1.608455,1.999102594
2017-04-17,1.5283815,0.493494702
2017-04-18,1.390904,0.000441074
2017-04-19,1.326896,4.989866791
2017-04-20,3.287903,13.41734067
2017-04-21,2.670048,7.760253146
2017-04-22,2.013712,0.028176574
2017-04-23,1.6222345,0.000426173
2017-04-24,1.4520545,0.001726994
2017-04-25,1.396492,1.318000248
2017-04-26,1.3512165,0.003734019
2017-04-27,1.267587,2.820152707
2017-04-28,1.257173,0.279267201
2017-04-29,1.50114,17.98466315
2017-04-30,1.993392,3.761042046
2017-05-01,1.886712,29.33731376
2017-05-02,2.7549475,2.638532614
2017-05-03,1.965579,0.065950557
2017-05-04,1.6980535,16.32548122
2017-05-05,2.6863675,35.20043802
2017-05-06,3.1387415,3.343604685
2017-05-07,3.115945,0.247186028
2017-05-08,2.338451,0.026027589
2017-05-09,2.0925155,0.066103875
2017-05-10,2.00025,0.000862644
2017-05-11,1.9060795,11.24298818
2017-05-12,1.8142585,0.133388751
2017-05-13,1.6114395,0.161078018
2017-05-14,1.5349855,0.270203087
2017-05-15,1.3767435,0
2017-05-16,1.1974195,0.327569611
2017-05-17,1.1336655,0.001581182
2017-05-18,1.100455,0.146450241
2017-05-19,1.1171555,1.429941543
2017-05-20,1.1290935,6.00504624
2017-05-21,1.1335385,17.25240931
2017-05-22,2.025904,0.499728571
2017-05-23,1.411986,0
2017-05-24,1.162431,3.648310368
2017-05-25,1.391539,14.06998877
2017-05-26,2.528824,2.491896813
2017-05-27,1.8496915,14.73070172
2017-05-28,1.6763365,5.043841039
2017-05-29,3.5451415,1.121759087
2017-05-30,2.352802,1.772919308
2017-05-31,2.366518,0.304574511
2017-06-01,1.842008,0.02098492
2017-06-02,1.850525106,0.001240141
2017-06-03,1.5593695,0.000852346
2017-06-04,1.481201,11.7916793
2017-06-05,1.5711805,5.73812122
2017-06-06,2.18821,1.010509652
2017-06-07,2.3984585,0.787116377
2017-06-08,2.1431885,0.156124946
2017-06-09,2.162302,1.349943847
2017-06-10,2.45872,0.046140112
2017-06-11,2.5095835,0
2017-06-12,2.502789,0.000852346
2017-06-13,1.654937,1.530275028
2017-06-14,0.977646,8.525281136
2017-06-15,1.392047,9.14143924
2017-06-16,1.038987,0.04671734
2017-06-17,1.022731,0.314042013
2017-06-18,0.9675495,9.884933549
2017-06-19,1.0746105,3.108708122
2017-06-20,1.0009505,0.893216659
2017-06-21,0.9779635,0.390592861
2017-06-22,0.996696,0.739371628
2017-06-23,1.2454255,18.4645418
2017-06-24,1.5026005,2.62129998
2017-06-25,1.1852275,0.093581819
2017-06-26,1.0890885,0.946879303
2017-06-27,1.093089,1.007964604
2017-06-28,1.0343515,0.001299024
2017-06-29,1.0014585,1.068567996
2017-06-30,1.2887325,9.765274382
2017-07-01,2.657983,31.53354587
2017-07-02,1.60528,0.014149696
2017-07-03,1.3137515,2.577651421
2017-07-04,1.2021185,0.684784005
2017-07-05,1.130554,0.001700167
2017-07-06,1.100328,0.035582909
2017-07-07,1.1116945,15.18233576
2017-07-08,1.147572,1.274117057
2017-07-09,1.063371,0
2017-07-10,1.0680065,10.49397704
2017-07-11,1.846707,13.02613492
2017-07-12,1.4636115,1.334857293
2017-07-13,1.7397095,30.65691019
2017-07-14,1.6651605,1.247529236
2017-07-15,1.2863195,0.986212997
2017-07-16,1.157224,1.099108994
2017-07-17,1.221105,0.468184026
2017-07-18,1.1019155,0.126216868
2017-07-19,1.0676255,0.256664729
2017-07-20,1.0380345,1.738061135
2017-07-21,1.025017,0.947327903
2017-07-22,1.5500985,29.54040499
2017-07-23,1.4791055,2.760868788
2017-07-24,1.1684635,0.999921389
2017-07-25,1.0327005,0.010549293
2017-07-26,0.953516,0.0012815
2017-07-27,0.935482,1.359761967
2017-07-28,0.933577,3.276876895
2017-07-29,0.923163,0.002095594
2017-07-30,0.910082,0.000927846
2017-07-31,0.8998585,0.001259816
2017-08-01,0.8898255,0.19308859
2017-08-02,0.8816975,1.791853271
2017-08-03,0.994664,3.710865755
2017-08-04,0.9961245,11.93613593
2017-08-05,1.125347,0.620998578
2017-08-06,0.9695815,0.348889005
2017-08-07,0.952373,0.041772003
2017-08-08,0.945896,0.73658571
2017-08-09,0.9041765,0.000435114
2017-08-10,0.9102725,0.030577462
2017-08-11,0.9484995,4.586685522
2017-08-12,0.9864725,3.152116571
2017-08-13,0.9394825,0.033103452
2017-08-14,0.9121775,0.001653318
2017-08-15,0.8978265,0.489710775
2017-08-16,0.896493,0.082791342
2017-08-17,0.8870315,5.526800868
2017-08-18,1.0202545,0.462799025
2017-08-19,0.987171,0.341197778
2017-08-20,0.955675,0.003207028
2017-08-21,0.907415,2.873622147
2017-08-22,0.9246235,5.070634188
2017-08-23,0.993648,0.275861651
2017-08-24,0.9283065,1.03570791
2017-08-25,0.9022715,0.778491309
2017-08-26,0.885825,0.008639957
2017-08-27,0.8691245,0.000426173
2017-08-28,0.8604885,3.601442151
2017-08-29,0.8621395,8.626872489
2017-08-30,0.865505,2.291241976
2017-08-31,0.8636635,1.331953316
2017-09-01,0.846963,0
2017-09-02,0.843153,1.234302159
2017-09-03,0.866267,1.680364922
2017-09-04,0.856107,0.048088505
2017-09-05,0.9940925,16.30622562
2017-09-06,0.964946,4.523886418
2017-09-07,0.941324,3.850313154
2017-09-08,0.9168765,1.179228383
2017-09-09,0.911352,0.004055877
2017-09-10,0.8749665,0
2017-09-11,0.857631,0.001723576
2017-09-12,0.8560435,0.028806583
2017-09-13,0.842899,2.617189482
2017-09-14,0.873349277,4.027273212
2017-09-15,0.853059,0.083656302
2017-09-16,0.837946,0.087147758
2017-09-17,0.8344535,0.010549542
2017-09-18,0.8341995,0.200926748
2017-09-19,0.8341995,8.864035981
2017-09-20,0.861314,1.277041785
2017-09-21,0.874522,0.006454573
2017-09-22,0.861822,0.001716188
2017-09-23,0.856234,0
2017-09-24,0.859409,0.001728535
2017-09-25,0.848741,0.002153923
2017-09-26,0.842391,0
2017-09-27,0.841756,0.179462851
2017-09-28,0.847344,0.114288339
2017-09-29,0.8326755,0.421706217
2017-09-30,0.8308975,0.14084053
2017-10-01,0.8255,0
2017-10-02,0.8227695,0.001270582
2017-10-03,0.826516,0.001692772
2017-10-04,0.830199,2.101387465
2017-10-05,0.848233,2.267567198
2017-10-06,0.884809,3.306301643
2017-10-07,0.9171305,1.433028368
2017-10-08,0.9020175,4.853812098
2017-10-09,1.629791,15.74810801
2017-10-10,1.2016105,0.32630344
2017-10-11,0.9981565,10.99692267
2017-10-12,0.9722485,0.814140532
2017-10-13,0.9149715,0.276490145
2017-10-14,0.8966835,0.000752432
2017-10-15,0.8898255,2.528314904
2017-10-16,0.9229725,0.041820706
2017-10-17,0.8855075,0.001292673
2017-10-18,0.8733155,0.001736715
2017-10-19,0.8640445,0.000852346
2017-10-20,0.8641715,0
2017-10-21,0.8606155,0.001716614
2017-10-22,0.859409,7.02232E-06
2017-10-23,0.8435975,10.43076232
2017-10-24,0.96012,6.259305807
2017-10-25,0.944372,2.149313558
2017-10-26,0.886714,0.009414342
2017-10-27,0.8697595,0.235677078
2017-10-28,0.891413,18.8699824
2017-10-29,0.941324,0.194775672
2017-10-30,0.9138285,2.278274302
2017-10-31,0.95377,0.08796388
2017-11-01,0.9087485,0.896733084
2017-11-02,1.188593,6.30443623
2017-11-03,1.4478,12.54156223
2017-11-04,1.2059285,0.253314182
2017-11-05,1.0203815,25.5717741
2017-11-06,1.903222,27.87921875
2017-11-07,1.454404,0.070342036
2017-11-08,1.1955145,0.003447701
2017-11-09,1.116457,0.002781249
2017-11-10,1.0948035,0.089172861
2017-11-11,1.0633075,0.025310633
2017-11-12,1.034669,0.076520145
2017-11-13,1.0128885,3.857732113
2017-11-14,0.9986645,0.038149905
2017-11-15,0.960501,6.152425068
2017-11-16,0.980948,2.360942305
2017-11-17,0.9592945,0.034787531
2017-11-18,1.558544,30.7328754
2017-11-19,3.875786,7.87251246
2017-11-20,2.112645,0.009367759
2017-11-21,1.6923385,0.004613987
2017-11-22,1.596136,1.99348383
2017-11-23,1.604645,0.001290386
2017-11-24,1.501775,0.000836615
2017-11-25,1.356995,0.0914215
2017-11-26,1.2468225,0.002363153
2017-11-27,1.173607,0.000426173
2017-11-28,1.1143615,0.002148747
2017-11-29,1.0551795,0.011251444
2017-11-30,1.0092055,3.818032774
2017-12-01,1.024128,0
2017-12-02,0.974471,0
2017-12-03,0.942213,0.001704693
2017-12-04,0.9227185,0.000520391
2017-12-05,0.960501,8.60180998
2017-12-06,1.0104755,0.004582875
2017-12-07,0.9436735,0.356415111
2017-12-08,0.9161145,0.011241359
2017-12-09,0.9074785,0.548693311
2017-12-10,0.9057005,0.492338637
2017-12-11,0.8952865,0.788697228
2017-12-12,0.8970645,2.654268339
2017-12-13,0.8830945,1.081416585
2017-12-14,0.8903335,5.824363323
2017-12-15,0.8883015,0.66756387
2017-12-16,0.901954,0.159779494
2017-12-17,0.907542,0.087569345
2017-12-18,0.9261475,0.373999382
2017-12-19,1.110615,0.071806515
2017-12-20,1.1364595,0.000252572
2017-12-21,1.0535285,0
2017-12-22,1.0201275,3.224453165
2017-12-23,1.242695,14.78811804
2017-12-24,1.67132,2.616618925
2017-12-25,1.38684,2.952198668
2017-12-26,1.21158,0.090501262
2017-12-27,1.0911205,0.144323285
2017-12-28,1.016381,0.071167353
2017-12-29,1.060196,1.012596153
2017-12-30,1.030986,2.643705303
2017-12-31,1.001141,0.175048286
2018-01-01,1.011936,0.30383493
2018-01-02,0.9705975,0.095984831
2018-01-03,0.9885045,0.642981456
2018-01-04,0.95631,0.447771031
2018-01-05,0.931037,0.065936099
2018-01-06,0.930656,0.14185237
2018-01-07,0.9350375,0.05597416
2018-01-08,0.9449435,7.835140352
2018-01-09,0.993013,0.009718716
2018-01-10,1.0158095,1.783656393
2018-01-11,1.407795,5.978089664
2018-01-12,2.393315,16.71917614
2018-01-13,2.146935,3.538633595
2018-01-14,1.5804515,0.059394042
2018-01-15,1.4407515,3.084675292
2018-01-16,1.4948535,0.347168779
2018-01-17,1.4859635,0.063693419
2018-01-18,1.438148,0.005055155
2018-01-19,1.367663,0.000853463
2018-01-20,1.2367895,0
2018-01-21,1.2125325,1.442184888
2018-01-22,1.58877,4.474064369
2018-01-23,2.3754715,5.70883221
2018-01-24,2.027809,0.927392515
2018-01-25,1.69037,0.191235938
2018-01-26,1.5572105,0
2018-01-27,1.545463,5.554521683
2018-01-28,1.637919,0.042981828
2018-01-29,1.5027275,3.776471921
2018-01-30,1.41478,0.762999857
2018-01-31,1.3028295,0.145823385
2018-02-01,1.275969,0.092807409
2018-02-02,1.2996545,0.159975721
2018-02-03,1.175639,0.276020586
2018-02-04,1.1529695,4.123290294
2018-02-05,1.158875,3.253915414
2018-02-06,1.1199495,3.443252464
2018-02-07,1.093724,4.097870067
2018-02-08,1.069848,0.355157267
2018-02-09,1.0414,2.933276927
2018-02-10,1.0848975,3.305248553
2018-02-11,1.172591,3.727485866
2018-02-12,1.3430885,0.008193291
2018-02-13,1.255268,0.001309624
2018-02-14,1.2190095,2.072458236
2018-02-15,1.989963,5.563413294
2018-02-16,3.3390205,11.14289753
2018-02-17,2.514346,0.570484607
2018-02-18,2.093468,1.719306326
2018-02-19,2.205736,9.636924314
2018-02-20,3.41884,2.477880967
2018-02-21,2.5700355,15.23225692
2018-02-22,2.518664,13.21249945
2018-02-23,2.768219,7.012925612
2018-02-24,2.4644985,7.956496123
2018-02-25,4.044061,17.72407826
2018-02-26,3.1295975,0.001704693
2018-02-27,2.4407495,0.001717514
2018-02-28,2.177542,3.572218594
2018-03-01,2.422271,29.55197409
2018-03-02,4.6830615,12.39573174
2018-03-03,3.2364045,0.002575308
2018-03-04,2.660015,1.49867E-05
2018-03-05,2.4487505,0.000426173
2018-03-06,2.2386925,0.562537327
2018-03-07,2.0299045,2.546828409
2018-03-08,1.8394045,0.675187095
2018-03-09,1.6964025,0.815759519
2018-03-10,1.604899,0.015779236
2018-03-11,1.536446,0.002828149
2018-03-12,1.4763115,0.770380859
2018-03-13,1.431163,2.17962581
2018-03-14,1.412748,0.95279011
2018-03-15,1.379474,0.105015838
2018-03-16,1.3452475,0.039500533
2018-03-17,1.2926695,0.689497854
2018-03-18,1.2615545,0.000852346
2018-03-19,1.2644755,0.001737429
2018-03-20,1.226693,0.060675367
2018-03-21,1.224915,9.499266576
2018-03-22,1.2865735,0.002765938
2018-03-23,1.3091795,0.046455019
2018-03-24,1.296162,0.003713488
2018-03-25,1.2745085,0.003333321
2018-03-26,1.224026,0.000852346
2018-03-27,1.5259685,11.4170315
2018-03-28,2.2704425,7.750815364
2018-03-29,1.92151,16.87539823
2018-03-30,3.0151705,11.09697735
2018-03-31,2.4624665,0.746816993
2018-04-01,2.2037675,1.996506857
2018-04-02,2.0447635,1.849224319
2018-04-03,2.1353145,12.32850934
2018-04-04,4.105783,6.132756626
2018-04-05,2.9434155,0.140975976
2018-04-06,2.4586565,2.387077472
2018-04-07,2.30632,0.388504756
2018-04-08,2.097278,0.021865019
2018-04-09,1.8678525,1.023147335
2018-04-10,1.6784955,0.076858121
2018-04-11,1.5257145,0.880483541
2018-04-12,1.4486255,1.407034404
2018-04-13,1.3940155,0.692311057
2018-04-14,1.3325475,12.5373651
2018-04-15,2.3531195,42.70010798
2018-04-16,6.014593,7.937707811
2018-04-17,3.969512,1.094840335
2018-04-18,3.043428,1.595015863
2018-04-19,2.80162,3.906928648
2018-04-20,2.5072975,0.002148747
2018-04-21,2.14884,0.001276519
2018-04-22,1.8852515,0
2018-04-23,1.680718,0.177019515
2018-04-24,1.5321915,15.87634218
2018-04-25,1.569085,4.496738507
2018-04-26,1.45288,0.00173735
2018-04-27,1.3369925,1.114704322
2018-04-28,1.381252,3.259481898
2018-04-29,1.435989,0.001275684
2018-04-30,1.3514705,0.000435114
2018-05-01,1.217422,0.000852346
2018-05-02,1.078611,0.077911806
2018-05-03,1.155319,10.92091096
2018-05-04,1.3884275,3.048633554
2018-05-05,1.2762865,0.003423997
2018-05-06,1.194054,4.624838333
2018-05-07,1.1682095,0.050818968
2018-05-08,1.1678285,0
2018-05-09,1.132078,0.120120928
2018-05-10,1.13792,18.58531999
2018-05-11,1.1111865,0.273852815
2018-05-12,1.0777855,7.460802124
2018-05-13,1.7712055,16.09955349
2018-05-14,2.016887,1.332736198
2018-05-15,1.8640425,12.89463767
2018-05-16,1.6454755,0.575703783
2018-05-17,1.4109065,0.001710653
2018-05-18,1.278255,0.925943255
2018-05-19,1.206119,10.04680116
2018-05-20,1.8844895,0.912378336
2018-05-21,1.4284325,0.156570005
2018-05-22,2.039874,25.20570671
2018-05-23,2.243455,0.119567464
2018-05-24,1.694688,0.000858307
2018-05-25,1.432052,0.000864214
2018-05-26,1.3300075,6.356784794
2018-05-27,1.328674,0.157909986
2018-05-28,1.208532,0.001045362
2018-05-29,1.13538,0.020414781
2018-05-30,1.0723245,2.100200365
2018-05-31,1.0310495,7.332360771
2018-06-01,1.0965815,9.873655066
2018-06-02,1.0026015,0.118741429
2018-06-03,1.0361295,5.224734622
2018-06-04,1.313434,0.007257854
2018-06-05,1.075436,4.264429149
2018-06-06,1.012698,0.010028224
2018-06-07,1.006094,0.113360064
2018-06-08,1.003173,0.998594423
2018-06-09,1.0093325,3.135464369
2018-06-10,1.266063,30.91374997
2018-06-11,1.7634585,8.990900266
2018-06-12,1.26492,5.71689428
2018-06-13,1.1071225,5.964263113
2018-06-14,1.019175,0.000874335
2018-06-15,0.9793605,7.1725E-06
2018-06-16,0.9493885,5.038944266
2018-06-17,0.9477375,0.194032793
2018-06-18,0.948182,1.328144039
2018-06-19,1.4053185,14.67006506
2018-06-20,1.1369675,7.304989501
2018-06-21,1.011174,0.614618206
2018-06-22,0.975487,23.77148633
2018-06-23,1.082167,5.720524533
2018-06-24,1.19634,1.026255829
2018-06-25,1.044575,0.015920205
2018-06-26,0.9876155,1.231977795
2018-06-27,1.000633,25.43462039
2018-06-28,1.4110335,1.99803118
2018-06-29,1.2590145,0.00301886
2018-06-30,1.110107,0.00172379
2018-07-01,1.0385425,0.002620489
2018-07-02,1.025525,2.205469936
2018-07-03,1.1758295,7.292816482
2018-07-04,1.3388975,8.500758576
2018-07-05,1.553591,2.207028099
2018-07-06,2.450211,7.084120239
2018-07-07,1.524508,0.001289231
2018-07-08,1.174369,0
2018-07-09,1.083945,0.001284833
2018-07-10,1.0422255,1.904280794
2018-07-11,1.0013315,0.003851677
2018-07-12,0.964184,0.001290562
2018-07-13,0.9357995,0.000426083
2018-07-14,0.918464,0.010996502
2018-07-15,0.911352,4.326660453
2018-07-16,0.906907,16.27840138
2018-07-17,1.0316845,1.998132121
2018-07-18,0.9206865,0.123356586
2018-07-19,0.877443,0.000446228
2018-07-20,0.8772525,5.177226361
2018-07-21,0.9003665,20.28953825
2018-07-22,0.8823325,3.935501872
2018-07-23,0.878586,11.92923513
2018-07-24,1.0196195,12.23367852
2018-07-25,0.976503,0.927637497
2018-07-26,0.9006205,5.030256925
2018-07-27,1.244092,1.542890723
2018-07-28,1.040257,0.456113102
2018-07-29,0.9286875,0.266140141
2018-07-30,0.900303,3.630491407
2018-07-31,0.8956675,8.833282754
2018-08-01,0.931799,7.82917697
2018-08-02,0.925576,0.193366855
2018-08-03,0.9159875,0.215324536
2018-08-04,0.9115425,0.129662835
2018-08-05,0.877697,0.050039863
2018-08-06,0.8800465,2.74154654
2018-08-07,1.328801,11.94369105
2018-08-08,1.047115,7.413454149
2018-08-09,0.980186,1.975439584
2018-08-10,0.909447,7.570607921
2018-08-11,0.9775825,0.004044372
2018-08-12,0.8900795,3.060476201
2018-08-13,0.972185,0.244938714
2018-08-14,0.9700895,0.482889824
2018-08-15,0.8695055,0.002516093
2018-08-16,0.83693,14.46101706
2018-08-17,0.8537575,7.387194496
2018-08-18,1.007999,6.517336412
2018-08-19,0.9238615,0
2018-08-20,0.870204,0.000162116
2018-08-21,1.163066,11.7970044
2018-08-22,1.2536805,0.530849611
2018-08-23,1.0200005,0.00020526
2018-08-24,0.926211,0
2018-08-25,0.8797925,0.675355752
2018-08-26,1.1379835,9.613965264
2018-08-27,1.2562205,0.082972396
2018-08-28,1.025017,0.00908457
2018-08-29,0.973201,13.82737525
2018-08-30,1.168273,0.978188661
2018-08-31,0.974852,0.019569049
2018-09-01,0.903859,2.075800953
2018-09-02,0.880491,0.210532944
2018-09-03,0.86487,1.638914427
2018-09-04,0.9176385,4.729055287
2018-09-05,0.944753,0.420888801
2018-09-06,0.8772525,5.666573315
2018-09-07,1.118616,1.365677
2018-09-08,0.987171,16.15967962
2018-09-09,1.2628245,29.43216919
2018-09-10,3.0413325,13.80067829
2018-09-11,2.177542,0.242793858
2018-09-12,1.7696815,0.335003988
2018-09-13,1.504823,0.937662753
2018-09-14,1.434338,0.513370564
2018-09-15,1.3321665,0.325286656
2018-09-16,1.210056,0.001910325
2018-09-17,1.1387455,0.781083542
2018-09-18,1.1257915,0.064801816
2018-09-19,1.11887,2.865010254
2018-09-20,1.072388,0.673212195
2018-09-21,1.1711305,2.364317781
2018-09-22,1.149477,0.064474567
2018-09-23,1.0276205,0.00258888
2018-09-24,0.9642475,8.496263122
2018-09-25,1.721739,25.51841819
2018-09-26,2.484247,23.65500098
2018-09-27,1.7051655,0.001892336
2018-09-28,1.391666,0.000840842
2018-09-29,1.271651,0.103913812
2018-09-30,1.231519,2.164030308
2018-10-01,1.20015,0.002299757
2018-10-02,1.1704955,5.496147941
2018-10-03,1.241933,0.979804907
2018-10-04,1.1213465,7.554587685
2018-10-05,1.1273155,1.435646192
2018-10-06,1.117981,4.623395362
2018-10-07,1.651889,8.996835481
2018-10-08,1.5889605,0.906426872
2018-10-09,1.313688,0.078715594
2018-10-10,1.1802745,1.119689353
2018-10-11,1.0880725,1.055508153
2018-10-12,1.0384155,0.610081663
2018-10-13,1.126109,6.006995279
2018-10-14,1.1176635,0
2018-10-15,1.048131,1.76415526
2018-10-16,1.0315575,0.001264906
2018-10-17,1.005459,0.318957298
2018-10-18,0.9926955,0.001000362
2018-10-19,0.973709,1.055984886
2018-10-20,0.946785,2.065642117
2018-10-21,1.0287635,1.606762123
2018-10-22,0.986536,0
2018-10-23,0.958469,0.00287957
2018-10-24,0.9559925,0.001027555
2018-10-25,0.9375775,0.001300002
2018-10-26,0.90043,4.352977593
2018-10-27,0.962279,15.41960548
2018-10-28,1.1421745,10.98925042
2018-10-29,2.306066,2.61392552
2018-10-30,1.5532735,0.000949027
2018-10-31,1.3509625,4.879973473
2018-11-01,2.6485215,41.79233323
2018-11-02,3.8578155,14.75490814
2018-11-03,2.9034105,2.923352505
2018-11-04,2.29235,0.000435114
2018-11-05,1.9496405,4.353957263
2018-11-06,1.8783935,7.223221834
2018-11-07,1.777238,0.001265814
2018-11-08,1.576578,0.008660938
2018-11-09,1.4783435,9.935455841
2018-11-10,1.656715,0.785448001
2018-11-11,1.4863445,0.001458729
2018-11-12,1.378204,0.007872804
2018-11-13,1.3013055,0.880892019
2018-11-14,1.246632,0.005272773
2018-11-15,1.2322175,12.20984597
2018-11-16,1.8157825,2.062608095
2018-11-17,1.5808325,0.408631476
2018-11-18,1.4265275,3.837231562
2018-11-19,1.4962505,2.265316363
2018-11-20,1.4765655,1.739944058
2018-11-21,1.427353,0.143971076
2018-11-22,1.3367385,0.010962511
2018-11-23,1.2804775,0.003515796
2018-11-24,1.335659,10.80973505
2018-11-25,1.5526385,0.048633603
2018-11-26,1.6543655,15.04701668
2018-11-27,1.8560415,2.131914746
2018-11-28,1.6266795,0.464290709
2018-11-29,1.4618335,0.604459063
2018-11-30,1.4222095,1.929365815
2018-12-01,1.5034895,11.76281235
2018-12-02,1.9951065,6.566125873
2018-12-03,1.754505,2.811041307
2018-12-04,1.7361535,0.546477618
2018-12-05,1.5935325,0.61823101
2018-12-06,1.492377,2.167155374
2018-12-07,1.4142085,0.124034736
2018-12-08,1.355471,0.023599957
2018-12-09,1.286637,0.000860978
2018-12-10,1.2419965,0.010451247
2018-12-11,1.2004675,0.009145421
2018-12-12,1.1770995,0.00979602
2018-12-13,1.157097,0.149243001
2018-12-14,1.1565255,0.011246348
2018-12-15,1.152144,3.82518442
2018-12-16,1.2035155,9.498155868
2018-12-17,1.2012295,0.002346518
2018-12-18,1.159764,0.003630585
2018-12-19,1.1250295,0.0012815
2018-12-20,1.100582,2.963605534
2018-12-21,2.122678,19.11562094
2018-12-22,1.932051,1.308679447
2018-12-23,1.644523,0.018215849
2018-12-24,1.4954885,0.162203169
2018-12-25,1.4095095,0.049333246
2018-12-26,1.3265785,0.002940336
2018-12-27,1.257554,3.024585885
2018-12-28,1.2982575,8.875554925
2018-12-29,1.2775565,0.134787152
2018-12-30,1.19888,0.086588676
2018-12-31,1.18872,17.63571257
2019-01-01,2.9535755,3.240581234
2019-01-02,2.1175345,0.599862402
2019-01-03,1.750187,0.407940719
2019-01-04,1.6137255,0.000852346
2019-01-05,1.56972,0.075389897
2019-01-06,1.45796,0.006998541
2019-01-07,1.357249,0.566161723
2019-01-08,1.422146,14.86253812
2019-01-09,1.8488025,2.116752221
2019-01-10,1.4515465,0.42707268
2019-01-11,1.342644,0.02997582
2019-01-12,1.302512,2.763359027
2019-01-13,1.307592,4.098567456
2019-01-14,1.303147,0.037838389
2019-01-15,1.235456,0.222504152
2019-01-16,1.204214,1.079211458
2019-01-17,1.1779885,2.355933234
2019-01-18,1.1480165,1.018744509
2019-01-19,1.135507,13.89698985
2019-01-20,1.1245215,12.16101031
2019-01-21,1.0955655,0.425335914
2019-01-22,1.1081385,0.003312493
2019-01-23,1.8771235,23.33313605
2019-01-24,4.878578,5.517546904
2019-01-25,3.117977,0.223786394
2019-01-26,2.441067,0.517588006
2019-01-27,2.2149435,2.979415261
2019-01-28,2.1515705,0.987724246
2019-01-29,2.184654,2.821564807
2019-01-30,1.881505,0.056747127
2019-01-31,1.567053,0.002708726
2019-02-01,1.47193,1.681672113
2019-02-02,1.429385,0.002954779
2019-02-03,1.3662025,0.209181563
2019-02-04,1.5904845,2.302129574
2019-02-05,2.4314785,3.504159321
2019-02-06,2.205482,11.90944948
2019-02-07,2.5064085,18.37039503
2019-02-08,3.4760535,1.977088999
2019-02-09,2.6737945,0.023061022
2019-02-10,2.1682075,2.015665575
2019-02-11,1.9796125,2.659095193
2019-02-12,2.4617045,24.53295995
2019-02-13,3.8521005,1.507095042
2019-02-14,2.6525855,0.012433358
2019-02-15,2.2595205,0.794055623
2019-02-16,2.2275165,0.058374549
2019-02-17,2.008759,2.67537372
2019-02-18,1.815465,2.277633503
2019-02-19,1.6341725,0.040880575
2019-02-20,1.511427,12.22794775
2019-02-21,1.953133,1.808745479
2019-02-22,1.949069,0.001722824
2019-02-23,1.688338,0.041778511
2019-02-24,1.7094835,2.249580181
2019-02-25,1.6917035,0.042630905
2019-02-26,1.499997,0.399147841
2019-02-27,1.419098,0.756937058
2019-02-28,1.3809345,0.116963314
2019-03-01,1.302766,0.14736828
2019-03-02,1.2505055,0.129949403
2019-03-03,1.2207875,2.231959353
2019-03-04,1.1936095,0.45394791
2019-03-05,1.1470005,0.343805563
2019-03-06,1.111758,0.499035219
2019-03-07,1.0897235,0.092077177
2019-03-08,1.0810875,0.006770366
2019-03-09,1.0931525,1.300272159
2019-03-10,2.4001095,25.36696564
2019-03-11,2.162048,0.018208294
2019-03-12,1.794764,0.000440137
2019-03-13,1.6579215,0.380648622
2019-03-14,1.6562705,5.933958119
2019-03-15,1.9390995,3.305948486
2019-03-16,1.741932,1.136799743
2019-03-17,1.581912,1.120723447
2019-03-18,1.4854555,0.944375396
2019-03-19,1.397127,0.00259839
2019-03-20,1.3259435,0.670875396
2019-03-21,1.298448,7.599062858
2019-03-22,1.2585065,1.16575149
2019-03-23,1.2464415,0.030352115
2019-03-24,1.184529,0.1566454
2019-03-25,1.162431,1.418791609
2019-03-26,1.1450955,0
2019-03-27,1.105408,0.0012815
2019-03-28,1.0800715,2.594566118
2019-03-29,1.162812,8.612266269
2019-03-30,1.4363065,19.48887637
2019-03-31,3.6505515,20.11157199
2019-04-01,2.837434,0.013724223
2019-04-02,2.4512905,0.001712349
2019-04-03,2.15392,0.000852346
2019-04-04,1.8990945,0.520549389
2019-04-05,1.7229455,1.841646183
2019-04-06,1.621282,0.146443993
2019-04-07,1.507617,0.745508399
2019-04-08,1.455547,5.844550829
2019-04-09,1.363853,0.001716175
2019-04-10,1.2851765,0.004636817
2019-04-11,1.2398375,2.663402566
2019-04-12,1.2153265,3.38076634
2019-04-13,1.2592685,0.000435114
2019-04-14,1.241806,29.78270238
2019-04-15,2.371344,3.312868736
2019-04-16,2.242566,0.000853627
2019-04-17,1.8474055,0.33657146
2019-04-18,1.712595,0.436513263
2019-04-19,1.702816,20.44913223
2019-04-20,2.9029025,12.66038274
2019-04-21,1.954276,0.022141373
2019-04-22,1.6029305,0.000852346
2019-04-23,1.4760575,11.87702562
2019-04-24,1.424813,0
2019-04-25,1.368044,3.966286246
2019-04-26,2.1454745,21.46734536
2019-04-27,2.1490305,1.411352674
2019-04-28,2.10058,14.01227503
2019-04-29,1.9590385,4.281902174
2019-04-30,2.1668105,1.814340561
2019-05-01,2.015744,2.887608697
2019-05-02,2.722372,3.831357259
2019-05-03,2.2948265,6.937276333
2019-05-04,2.053844,2.91185078
2019-05-05,1.8623915,0.062290027
2019-05-06,1.7497425,0.010538938
2019-05-07,1.6249015,0.028390288
2019-05-08,1.510284,0.50243201
2019-05-09,1.4105255,10.19599417
2019-05-10,1.763014,7.269497548
2019-05-11,1.5607665,0
2019-05-12,1.5346045,7.610319791
2019-05-13,1.6293465,6.056995439
2019-05-14,1.496314,0.208460589
2019-05-15,1.3738225,0.013143211
2019-05-16,1.30302,0.159336639
2019-05-17,1.222883,24.79622865
2019-05-18,1.1453495,3.469026993
2019-05-19,1.2337415,4.075561476
2019-05-20,1.1327765,1.116480776
2019-05-21,1.0908665,0.231891122
2019-05-22,1.06807,1.471701685
2019-05-23,1.064895,2.307402174
2019-05-24,1.0612755,0.792149602
2019-05-25,1.0394315,3.582538528
2019-05-26,1.0708005,13.13521334
2019-05-27,1.156335,0.489648707
2019-05-28,1.238123,15.10300005
2019-05-29,1.933829,12.43721118
2019-05-30,1.334262,5.331572424
2019-05-31,1.772031,0.050843536
2019-06-01,1.490599,9.335172667
2019-06-02,2.198497,5.780369743
2019-06-03,1.9655155,0.035779999
2019-06-04,1.651254,0.102933813
2019-06-05,2.144649,20.64438582
2019-06-06,3.7583745,0.667360817
2019-06-07,2.4623395,0.000841735
2019-06-08,1.929638,0
2019-06-09,1.6699865,0.384236335
2019-06-10,1.646174,9.528995449
2019-06-11,1.9747865,0.00663974
2019-06-12,1.5879445,0.081149741
2019-06-13,1.6908145,23.3243203
2019-06-14,2.891663,9.577480397
2019-06-15,2.029333,10.53182216
2019-06-16,3.629406,40.26055541
2019-06-17,4.5776515,2.141524403
2019-06-18,3.603838468,0.98324723
2019-06-19,2.9148405,0.035915727
2019-06-20,3.458718,23.16453591
2019-06-21,4.8507015,0.262770209
2019-06-22,3.3279715,1.19433E-06
2019-06-23,2.661158,0.001712608
2019-06-24,2.2231985,6.213387838
2019-06-25,2.941828,4.124303283
2019-06-26,2.1063585,0.20431996
2019-06-27,1.7689195,8.391362217
2019-06-28,1.708023,1.366504298
2019-06-29,1.82753,2.76624636
2019-06-30,1.7350105,0.146297997
2019-07-01,1.5092045,0.001084202
2019-07-02,1.4285595,1.892583818
2019-07-03,1.412748,14.9515358
2019-07-04,1.1884025,7.097212537
2019-07-05,1.2371705,1.924780469
2019-07-06,1.883283,13.9855318
2019-07-07,1.5202535,6.953826342
2019-07-08,1.334389,-2.44818E-06
2019-07-09,1.191133,0.000960989
2019-07-10,1.1487785,0.06183719
2019-07-11,1.202817,7.588007566
2019-07-12,1.521333,0.540554695
2019-07-13,1.402461,1.0522E-05
2019-07-14,1.227836,0.000928508
2019-07-15,1.148842,0.038214629
2019-07-16,1.127125,2.289512262
2019-07-17,1.9070955,13.3799475
2019-07-18,2.028063,0.015162324
2019-07-19,1.613281,1.01302877
2019-07-20,1.471549,0.003986833
2019-07-21,1.439291,13.74226782
2019-07-22,1.746123,10.80044481
2019-07-23,1.796796,0.104903364
2019-07-24,1.4920595,0.791303191
2019-07-25,1.350772,0.029885055
2019-07-26,1.2667615,0.040907925
2019-07-27,1.19253,0.003819385
2019-07-28,1.138047,1.418113091
2019-07-29,1.0931525,0.152820367
2019-07-30,1.146302,11.82386746
2019-07-31,1.217295,2.173709899
2019-08-01,1.139698,0.009280524
2019-08-02,1.067308,0.001074097
2019-08-03,1.0316845,0
2019-08-04,1.0095865,0.927154528
2019-08-05,0.996315,0.293466817
2019-08-06,1.1104245,11.04334224
2019-08-07,1.7115155,4.694384953
2019-08-08,1.470787,0.512958377
2019-08-09,1.2676505,0.001275539
2019-08-10,1.1301095,0.001313697
2019-08-11,1.0631805,0.114234944
2019-08-12,1.035685,0.371944945
2019-08-13,1.0662285,17.00433022
2019-08-14,1.1226165,0.3177209
2019-08-15,1.0513695,5.645658662
2019-08-16,1.0917555,0.207477492
2019-08-17,1.04648,2.48786874
2019-08-18,1.174369,2.68305901
2019-08-19,1.337183,7.424365663
2019-08-20,1.190498,3.026320361
2019-08-21,1.1448415,2.856425605
2019-08-22,1.149223,10.10919922
2019-08-23,1.0758805,0.001639262
2019-08-24,1.0093325,0.182893452
2019-08-25,0.9817735,0.001717498
2019-08-26,0.9707245,6.05966275
2019-08-27,0.9692005,5.52239233
2019-08-28,0.9900285,0.107215538
2019-08-29,0.9523095,0.003066896
2019-08-30,0.934085,0.057121867
2019-08-31,0.9250045,0.017337881
2019-09-01,0.921258,3.671940886
2019-09-02,0.9850755,7.98361816
2019-09-03,0.9646285,0.008248509
2019-09-04,0.9304655,4.866001888
2019-09-05,0.9121775,0.001122811
2019-09-06,0.9003665,0.996353287
2019-09-07,0.901319,1.265941912
2019-09-08,0.895604,1.032626101
2019-09-09,0.8905875,0.003211578
2019-09-10,0.899541,0.000426173
2019-09-11,0.9093835,0.319734435
2019-09-12,0.978662,1.271213303
2019-09-13,0.945769,0.648756108
2019-09-14,1.6108045,0.502835004
2019-09-15,1.2070715,0.288498089
2019-09-16,1.0381615,0.155159128
2019-09-17,0.9674225,0.120560806
2019-09-18,0.973836,0.000858307
2019-09-19,1.0363835,0
2019-09-20,1.019302,0.067456626
2019-09-21,0.9869805,1.864381974
2019-09-22,0.9547225,0.005724234
2019-09-23,0.9192895,3.948037683
2019-09-24,0.9304655,0.001079603
2019-09-25,0.9277985,0.053171079
2019-09-26,1.0192385,0.094140424
2019-09-27,1.049909,0.000852346
2019-09-28,0.9467215,2.074633661
2019-09-29,0.8281035,4.627182466
2019-09-30,0.843661,4.131911526
2019-10-01,0.8728075,0.128289037
2019-10-02,0.852551,2.961457503
2019-10-03,0.891413,1.670210936
2019-10-04,0.8681085,0.51921609
2019-10-05,0.853059,0.011157131
2019-10-06,0.849249,0.954411516
2019-10-07,0.871601,1.194753681
2019-10-08,0.8777605,0.000858307
2019-10-09,0.858774,0.002584022
2019-10-10,0.851408,0.000855327
2019-10-11,0.8452485,0.432674879
2019-10-12,0.8637905,10.6454059
2019-10-13,0.8781415,2.15018E-06
2019-10-14,0.855091,0.000426173
2019-10-15,0.8493125,0.031387273
2019-10-16,0.9159875,7.9248093
2019-10-17,1.1478895,0.25614552
2019-10-18,0.9707245,0.006094064
2019-10-19,0.918464,0.000858307
2019-10-20,0.9083675,0.000852346
2019-10-21,0.906653,0.250949462
2019-10-22,0.9103995,6.494516474
2019-10-23,0.9441815,0.04295151
2019-10-24,0.9144,0
2019-10-25,0.896493,0.482468599
2019-10-26,0.8990965,11.88257141
2019-10-27,1.248156,10.12598918
2019-10-28,1.091565,0.001719594
2019-10-29,0.968248,0.045428547
2019-10-30,0.941705,9.04192782
2019-10-31,1.192149,27.05682537
2019-11-01,1.84912,3.342004323
2019-11-02,1.381379,0.188261014
2019-11-03,1.2290425,0.162305846
2019-11-04,1.1917045,0.001785868
2019-11-05,1.1551285,0.474125828
2019-11-06,1.1249025,0
2019-11-07,1.089406,2.557911353
2019-11-08,1.102106,0.121899263
2019-11-09,1.0292715,0.000852756
2019-11-10,0.98933,0.044129061
2019-11-11,0.9684385,9.262229471
2019-11-12,1.143635,8.030060499
2019-11-13,1.105027,0.065959691
2019-11-14,1.053084,0.206525644
2019-11-15,1.0487025,0.005730261
2019-11-16,1.052957,0.031905689
2019-11-17,1.0436225,0.112087033
2019-11-18,1.033018,0.246396047
2019-11-19,1.0255885,0.228877044
2019-11-20,1.004189,0.039213669
2019-11-21,0.9760585,1.123875398
2019-11-22,0.961517,1.582921583
2019-11-23,0.965581,1.20908577
2019-11-24,1.0151745,2.240354806
2019-11-25,1.027938,0.03660501
2019-11-26,0.990346,0.000773387
2019-11-27,1.0094595,10.24878051
2019-11-28,1.038225,0.05999299
2019-11-29,0.9829165,0.011379234
2019-11-30,0.9589135,0.159871091
2019-12-01,1.177925,17.32215644
2019-12-02,1.580388,4.33236269
2019-12-03,1.346327,0.550931837
2019-12-04,1.2564745,1.203740774
2019-12-05,1.2577445,0.622876225
2019-12-06,1.2672695,0.002695023
2019-12-07,1.22936,0.000224489
2019-12-08,1.155573,0.000762255
2019-12-09,1.147826,13.91354938
2019-12-10,1.816354,2.044391331
2019-12-11,1.5139035,0.06910114
2019-12-12,1.316609,0.000496605
2019-12-13,1.255903,0.001479553
2019-12-14,1.298829,10.09343715
2019-12-15,1.486154,0.486818741
2019-12-16,1.3001625,1.356453656
2019-12-17,1.2265025,4.082598239
2019-12-18,1.195578,0.417387103
2019-12-19,1.1210925,0.003682455
2019-12-20,1.0596245,0.000435114
2019-12-21,1.04394,0
2019-12-22,1.018159,0.000852346
2019-12-23,1.009142,0
2019-12-24,1.002665,0.00049643
2019-12-25,0.9915525,0.001280501
2019-12-26,0.980694,0.00755663
2019-12-27,0.9859645,0.745257437
2019-12-28,1.006221,0.000956171
2019-12-29,1.0266045,13.5403418
2019-12-30,1.7375505,13.96150259
2019-12-31,1.6330295,3.065614955
2020-01-01,1.491361,0.065608652
2020-01-02,1.38684,0.000881765
2020-01-03,1.389253,5.388104305
2020-01-04,1.7110075,6.45203222
2020-01-05,1.730883,0.355724014
2020-01-06,1.524508,0.722128997
2020-01-07,1.3959205,0.012217992
2020-01-08,1.312799,1.213705804
2020-01-09,1.233043,0.000441074
2020-01-10,1.3340715,25.09727385
2020-01-11,2.0414615,19.43391733
2020-01-12,1.930019,10.01677106
2020-01-13,1.6608425,0.149886996
2020-01-14,1.538224,0
2020-01-15,1.488948,1.415552286
2020-01-16,1.491742,1.722616116
2020-01-17,1.401445,0.059557267
2020-01-18,1.35763,22.24102213
2020-01-19,2.148586,0.636935279
2020-01-20,1.715897,0.511899892
2020-01-21,1.491361,0.044272659
2020-01-22,1.3496925,0.002124799
2020-01-23,1.3009245,0.001837966
2020-01-24,1.374521,12.1064831
2020-01-25,2.8604845,4.487694065
2020-01-26,2.283079,2.119668028
2020-01-27,1.9570065,1.63663689
2020-01-28,1.8142585,0.888666183
2020-01-29,1.75133,0.336472385
2020-01-30,1.6068675,0.077286622
2020-01-31,1.4764385,0.328125709
2020-02-01,1.391031,0.513065868
2020-02-02,1.3359765,1.448510777
2020-02-03,1.293622,0.003430247
2020-02-04,1.231773,3.258593539
2020-02-05,1.346073,1.920550035
2020-02-06,1.4676755,12.61958656
2020-02-07,1.564386,4.473528281
2020-02-08,1.489329,1.17105804
2020-02-09,1.419098,3.136908952
2020-02-10,1.7333595,12.4741495
2020-02-11,2.0189825,0.233825156
2020-02-12,1.7351375,0.476622513
2020-02-13,1.6241395,14.88520168
2020-02-14,1.649603,1.879784338
2020-02-15,1.4690725,0.001042758
2020-02-16,1.399667,0.135931454
2020-02-17,1.4744065,0.005424041
2020-02-18,2.0135215,6.947083382
2020-02-19,2.018157,0.004855929
2020-02-20,1.66497,0.146781974
2020-02-21,1.493647,0.000852346
2020-02-22,1.437386,0.000852346
2020-02-23,1.359154,0.000852346
2020-02-24,1.3411835,1.109992485
2020-02-25,1.4236065,9.57182824
2020-02-26,1.550035,8.759209886
2020-02-27,1.634236,3.799537204
2020-02-28,1.510538,0.315089012
2020-02-29,1.430528,0.081911361
2020-03-01,1.384173,-5.58473E-06
2020-03-02,1.4907895,6.369646896
2020-03-03,1.7367885,6.964495782
2020-03-04,2.029333,1.341523448
2020-03-05,1.7846675,0
2020-03-06,1.7022445,3.793398301
2020-03-07,1.751457,0.174586544
2020-03-08,1.659636,0.001734832
2020-03-09,1.5216505,0.000884842
2020-03-10,1.5074265,8.819954471
2020-03-11,1.6088995,0.890190444
2020-03-12,1.4203045,0.209927771
2020-03-13,1.7739995,9.284612663
2020-03-14,1.704467,1.486504219
2020-03-15,1.4881225,1.254301326
2020-03-16,1.3918565,0.343643815
2020-03-17,1.332611,1.176406233
2020-03-18,1.2930505,12.39326354
2020-03-19,3.68808,12.03980682
2020-03-20,2.7579955,12.18730856
2020-03-21,2.4237315,0.061627101
2020-03-22,2.145792,0.062700347
2020-03-23,2.078609,7.357230105
2020-03-24,1.976755,0.023379911
2020-03-25,1.794764,0.084767039
2020-03-26,1.661922,0.774047854
2020-03-27,1.663446,3.834710679
2020-03-28,2.8353385,16.16352835
2020-03-29,5.598033,5.12314678
2020-03-30,3.6113085,0.214485082
2020-03-31,2.820243064,0.43471413
2020-04-01,2.678557,0.221966607
2020-04-02,2.4382095,0.002148747
2020-04-03,2.11455,0.000853861
2020-04-04,1.843024,0.001707441
2020-04-05,1.6429355,0.113692645
2020-04-06,1.4891385,0.000394012
2020-04-07,1.430782,10.79967157
2020-04-08,2.6436955,8.248118102
2020-04-09,2.201418,6.417933605
2020-04-10,1.951482,0.39259521
2020-04-11,1.757553,0.008631006
2020-04-12,1.64084,0.816521767
2020-04-13,1.829816,9.620146976
2020-04-14,1.9262725,0.017470903
2020-04-15,1.6370935,2.195014731
2020-04-16,1.5923895,0.317054139
2020-04-17,1.5487015,7.576378951
2020-04-18,1.8374995,0.519805848
2020-04-19,1.715262,0.455633371
2020-04-20,1.536573,0.190641977
2020-04-21,1.4595475,1.89649703
2020-04-22,1.3757275,0.030829446
2020-04-23,1.3526135,3.102289313
2020-04-24,1.363726,1.897349913
2020-04-25,1.313815,0.004061331
2020-04-26,1.7712055,21.99209706
2020-04-27,1.9873595,0.007849828
2020-04-28,1.6118205,2.607822768
2020-04-29,1.5715615,6.456719787
2020-04-30,1.592961,6.950276845
2020-05-01,1.5986125,0.992002901
2020-05-02,1.4911705,0.305721711
2020-05-03,1.50495,0.54545369
2020-05-04,1.388491,0.0291954
2020-05-05,1.252093,1.3887874
2020-05-06,1.182243,1.530349701
2020-05-07,1.1195685,0.331897712
2020-05-08,1.087882,1.278294495
2020-05-09,1.0809605,1.23882758
2020-05-10,1.072388,3.81044863
2020-05-11,1.237869,3.076060111
2020-05-12,1.1810365,0.403444463
2020-05-13,1.097915,0
2020-05-14,1.093089,5.587979325
2020-05-15,1.840484,21.05662826
2020-05-16,3.745611,0.139083487
2020-05-17,2.032254,1.023199042
2020-05-18,2.1632545,12.71086209
2020-05-19,3.5724465,22.85518788
2020-05-20,2.4017605,1.104763228
2020-05-21,1.862963,3.607166011
2020-05-22,1.735328,7.497000006
2020-05-23,1.811655,0.021423122
2020-05-24,1.499108,0.274737047
2020-05-25,1.364742,0.29543863
2020-05-26,1.910969,0.08853818
2020-05-27,1.442114308,0.070233842
2020-05-28,1.3396595,1.879989365
2020-05-29,1.3421995,8.609931381
2020-05-30,1.7346295,0.051577685
2020-05-31,1.434592,0.186605489
2020-06-01,1.2607925,0
2020-06-02,1.1762105,0.588645445
2020-06-03,1.120013,0.633654143
2020-06-04,1.070864,11.91444031
2020-06-05,1.0988675,1.31436243
2020-06-06,1.3199745,0.194786489
2020-06-07,1.133475,0
2020-06-08,1.0574655,0
2020-06-09,1.0166985,0.001544772
2020-06-10,0.9886315,1.969668556
2020-06-11,1.279652,6.812880608
2020-06-12,1.1175365,0.083368642
2020-06-13,1.0205085,6.626782257
2020-06-14,0.979805,0.000852346
2020-06-15,0.949579,0.443121478
2020-06-16,0.944245,5.32252E-06
2020-06-17,0.9388475,0.002575933
2020-06-18,0.927735,1.098147344
2020-06-19,1.0055225,0.199188265
2020-06-20,0.9977755,0.001002481
2020-06-21,0.937895,1.077912574
2020-06-22,1.1901805,21.42469741
2020-06-23,1.769872,17.44814273
2020-06-24,1.3839825,0.236598621
2020-06-25,1.153795,1.346985859
2020-06-26,1.082294,0.498555606
2020-06-27,1.2783185,16.44044087
2020-06-28,1.2169775,0.842473963
2020-06-29,1.0884535,0.002570428
2020-06-30,1.052195,1.79409E-05
2020-07-01,1.072896,0.002646531
2020-07-02,1.054227,0.000859964
2020-07-03,1.006348,0.002242292
2020-07-04,0.9704705,0.000459655
2020-07-05,0.933831,0.001690018
2020-07-06,0.9088755,0.001710653
2020-07-07,0.986663,1.116837931
2020-07-08,1.1367135,0.29434965
2020-07-09,0.976884,1.746725493
2020-07-10,1.023239,13.67223633
2020-07-11,1.3228955,9.103210797
2020-07-12,1.1433175,2.992908826
2020-07-13,0.9836785,0.770985585
2020-07-14,0.938784,0.017149317
2020-07-15,0.907923,0.001302721
2020-07-16,0.89535,3.187135982
2020-07-17,0.8889365,0.333384438
2020-07-18,0.8769985,0
2020-07-19,0.871982,1.792879951
2020-07-20,1.1398885,0.163602404
2020-07-21,0.973963,0.083712015
2020-07-22,1.01092,19.30489943
2020-07-23,0.9986645,5.188760991
2020-07-24,0.9638665,0.253162603
2020-07-25,0.906018,0
2020-07-26,0.8693785,0
2020-07-27,0.9559925,12.65226694
2020-07-28,1.651381,0.426014456
2020-07-29,1.12141,0.043396924
2020-07-30,0.9665335,0.1436436
2020-07-31,0.9002395,0.06730375
2020-08-01,0.8828405,10.30866922
2020-08-02,1.1464925,18.99396728
2020-08-03,1.063244,5.78862992
2020-08-04,1.185164,6.711066129
2020-08-05,1.161923,0.458469663
2020-08-06,1.005586,0.013589771
2020-08-07,0.9293225,0.080213386
2020-08-08,0.8980805,0
2020-08-09,0.883158,0.005378147
2020-08-10,0.878586,0.013590703
2020-08-11,0.871347,0.140670638
2020-08-12,0.8611235,0.007104315
2020-08-13,0.85344,0.001716315
2020-08-14,0.850773,1.2865341
2020-08-15,0.843026,1.054669967
2020-08-16,0.8493125,7.562791438
2020-08-17,0.951357,0.626117538
2020-08-18,0.926084,0.234854244
2020-08-19,0.8593455,0.01911942
2020-08-20,0.842264,0.002581708
2020-08-21,0.835025,0.000831993
2020-08-22,0.8306435,0.007888442
2020-08-23,0.832104,2.593188985
2020-08-24,0.8637905,0.398272216
2020-08-25,0.84201,1.495798637
2020-08-26,0.8302625,2.700774489
2020-08-27,0.8856345,1.273295094
2020-08-28,1.640713,12.67095113
2020-08-29,2.4110315,4.06424497
2020-08-30,1.448816,0.00089023
2020-08-31,1.204214,0.000852346
2020-09-01,1.110615,0.316008981
2020-09-02,1.146429,13.51785965
2020-09-03,1.2113895,0.000126152
2020-09-04,1.0944225,0.033766332
2020-09-05,1.031748,0.008053103
2020-09-06,0.9816465,0.319592346
2020-09-07,2.804668,10.54339473
2020-09-08,4.448069617,13.34659882
2020-09-09,2.54762,0.144759866
2020-09-10,1.974342,0.245681453
2020-09-11,1.566164,0.199097183
2020-09-12,1.4300835,0.432699844
2020-09-13,1.3703935,17.06224463
2020-09-14,1.370076,0.000871775
2020-09-15,1.187196,0.000852346
2020-09-16,1.1068685,0
2020-09-17,1.0572115,0.050640601
2020-09-18,1.015365,0.003909025
2020-09-19,0.97917,-1.05406E-05
2020-09-20,0.955167,0.001717666
2020-09-21,0.937895,0.000423193
2020-09-22,0.917829,0.000441074
2020-09-23,0.931418,0
2020-09-24,0.9236075,0
2020-09-25,0.912876,0.000435114
2020-09-26,0.9065895,3.88584E-05
2020-09-27,0.897382,0.000435114
2020-09-28,0.895858,15.17008738
2020-09-29,1.6256635,3.839963259
2020-09-30,1.1069955,0.629509686
2020-10-01,0.968121,1.07546349
2020-10-02,1.0833735,1.020593951
2020-10-03,0.974725,0.143474828
2020-10-04,0.914019,5.899164456
2020-10-05,0.9746615,0.172450019
2020-10-06,0.9313545,0.000852346
2020-10-07,0.902462,0
2020-10-08,0.8919845,0.002572261
2020-10-09,0.8827135,0.000438094
2020-10-10,0.8716645,0.038077851
2020-10-11,0.8697595,2.921345168
2020-10-12,0.867918,0.344454438
2020-10-13,1.0868025,5.365714862
2020-10-14,1.035558,0
2020-10-15,0.94234,2.804216125
2020-10-16,0.941832,0.416716585
2020-10-17,0.9069705,0.001644804
2020-10-18,0.8871585,1.29128824
2020-10-19,0.9700895,17.48965641
2020-10-20,1.3330555,8.858281701
2020-10-21,1.81737,4.808207312
2020-10-22,1.352677,0.238920903
2020-10-23,1.1739245,3.917812542
2020-10-24,1.588389,5.381287342
2020-10-25,1.315085,0.00740058
2020-10-26,1.1997055,3.842689847
2020-10-27,1.204976,3.489331153
2020-10-28,1.302258,5.607817005
2020-10-29,1.8089245,23.91450744
2020-10-30,2.9449395,2.192674688
2020-10-31,2.1538565,0.000852346
2020-11-01,1.718183,4.943834202
2020-11-02,1.547876,0.1493832
2020-11-03,1.4562455,0.000435114
2020-11-04,1.402715,0.001710653
2020-11-05,1.35636,1.78813E-05
2020-11-06,1.2892405,0.00344337
2020-11-07,1.1216005,0.001713633
2020-11-08,1.1058525,0
2020-11-09,1.0925175,0.002139807
2020-11-10,1.035177,0.001765337
2020-11-11,1.046988,4.18519516
2020-11-12,1.114679,0.000852346
2020-11-13,1.018159,0.337500042
2020-11-14,0.98425,0.000414048
2020-11-15,0.9926955,13.88828692
2020-11-16,1.084453,0.04262265
2020-11-17,1.0426065,1.684293728
2020-11-18,1.0771505,0.038142947
2020-11-19,1.057148,0
2020-11-20,1.0329545,0.027416805
2020-11-21,1.018921,0.115333157
2020-11-22,1.0315575,17.71538863
2020-11-23,1.625854,0.583597936
2020-11-24,1.2910185,1.780366771
2020-11-25,1.1842115,12.00886423
2020-11-26,1.8598515,5.454052313
2020-11-27,1.6632555,0.494127617
2020-11-28,1.4270355,0.055963028
2020-11-29,1.3152755,0
2020-11-30,1.469644,15.99294167
2020-12-01,2.7714575,14.71408618
2020-12-02,2.1382355,0.410736455
2020-12-03,1.8945225,0.475439105
2020-12-04,1.730121,0.002203828
2020-12-05,1.9716115,0.210230036
2020-12-06,1.857248,0.196676356
2020-12-07,1.661414,1.38018138
2020-12-08,1.5268575,0.079837497
2020-12-09,1.442593,0.015560094
2020-12-10,1.4323695,5.71788E-05
2020-12-11,1.4658975,0.000441074
2020-12-12,1.4796135,5.23249123
2020-12-13,1.520444,0.20193077
2020-12-14,1.3739495,0.077217386
2020-12-15,1.289304,0.000568997
2020-12-16,1.239266,2.559940016
2020-12-17,1.238123,2.882401628
2020-12-18,1.2426315,1.028194875
2020-12-19,1.223899,1.009345241
2020-12-20,1.2658725,3.139065803
2020-12-21,1.442466,1.312037101
2020-12-22,1.470914,1.85534131
2020-12-23,1.4046835,0.751916433
2020-12-24,1.3494385,8.492429631
2020-12-25,1.3928725,7.047275593
2020-12-26,1.357884,0.584389421
2020-12-27,1.3152755,0.006109372
2020-12-28,1.6835755,2.640671985
2020-12-29,1.7479645,0.044913889
2020-12-30,1.5032355,8.910920628
2020-12-31,2.3118445,4.143805726
2021-01-01,1.9811365,18.91910359
2021-01-02,3.3975675,5.062527462
2021-01-03,2.5754965,1.535147242
2021-01-04,2.272284,0.382330009
2021-01-05,2.0545425,1.246663664
2021-01-06,1.9083655,0.318296687
2021-01-07,1.753362,0.250111392
2021-01-08,1.5906115,0.116968095
2021-01-09,1.4599285,0.02091181
2021-01-10,1.352169,0.001305411
2021-01-11,1.28397,0.109516793
2021-01-12,1.2319,0.008066314
2021-01-13,1.189482,0.001537338
2021-01-14,1.155446,0.421256177
2021-01-15,1.1265535,5.021062847
2021-01-16,1.209675,0.898847605
2021-01-17,1.1618595,1.928018921
2021-01-18,1.1651615,2.078484049
2021-01-19,1.1458575,0.189921037
2021-01-20,1.129919,1.773012607
2021-01-21,1.0987405,0
2021-01-22,1.1104245,0.467976314
2021-01-23,1.0737215,0.044859114
2021-01-24,1.0457815,0.445159775
2021-01-25,1.0413365,0.428413697
2021-01-26,1.0509885,4.769222697
2021-01-27,1.0997565,0.612729371
2021-01-28,1.06426,0.296564726
2021-01-29,1.0525125,0.034224941
2021-01-30,1.0213975,0.007672491
2021-01-31,1.0239375,11.48245149
2021-02-01,1.039368,6.477634055
2021-02-02,1.049782,3.953703996
2021-02-03,1.0499725,0.004652775
2021-02-04,1.0238105,0.113718798
2021-02-05,1.0525125,6.694711174
2021-02-06,1.0405745,0.120836602
2021-02-07,0.994791,1.671176813
2021-02-08,0.9681845,0.586206504
2021-02-09,0.9862185,1.584067743
2021-02-10,0.9742805,1.286020927
2021-02-11,0.9784715,1.039454267
2021-02-12,0.9707245,0.4906998
2021-02-13,0.9650095,0.811681207
2021-02-14,0.964692,0.27415197
2021-02-15,0.9685655,6.205716024
2021-02-16,0.9826625,18.19383453
2021-02-17,0.978916,0.055673056
2021-02-18,0.9792335,3.89802707
2021-02-19,0.9865995,0.898036324
2021-02-20,0.991362,0.170748459
2021-02-21,0.967613,0.000184142
2021-02-22,0.9834245,3.047016865
2021-02-23,1.049909,0.269963737
2021-02-24,1.259459,0.189828534
2021-02-25,1.885188,0.052785609
2021-02-26,1.6596995,0.000935785
2021-02-27,1.640205,4.779128185
2021-02-28,2.219452,5.057731393
2021-03-01,2.6218515,0.96557621
2021-03-02,2.0273645,0
2021-03-03,1.7531715,0
2021-03-04,1.6553815,0.388337681
2021-03-05,1.5584805,0.003250942
2021-03-06,1.4403705,0.001152937
2021-03-07,1.3018135,0.01225473
2021-03-08,1.2234545,0.000441074
2021-03-09,1.173607,0
2021-03-10,1.147445,0.13836181
2021-03-11,1.1028045,5.242451601
2021-03-12,1.1321415,0.645110837
2021-03-13,1.082802,0.001721289
2021-03-14,1.05664,0.001718033
2021-03-15,1.030224,0.199379056
2021-03-16,1.0114915,2.218831091
2021-03-17,0.989457,0.006262852
2021-03-18,1.075055,16.22151886
2021-03-19,1.8357215,0.235168979
2021-03-20,1.378839,0.000435114
2021-03-21,1.249807,0.001719594
2021-03-22,1.2214225,0
2021-03-23,1.183132,0.00046585
2021-03-24,1.125601,2.071843485
2021-03-25,1.077087,2.171025257
2021-03-26,1.166622,18.3562898
2021-03-27,1.0761345,0.033180738
2021-03-28,1.051814,7.230614559
2021-03-29,1.140333,0.021350915
2021-03-30,1.0367645,0.000852346
2021-03-31,1.036701,4.396413334
2021-04-01,1.055624,1.795215763
2021-04-02,1.084326,0.020319187
2021-04-03,1.06553,0.001715012
2021-04-04,1.0305415,0.001277442
2021-04-05,1.0051415,0.345892764
2021-04-06,0.991108,0.000485078
2021-04-07,0.976884,0.002219741
2021-04-08,0.9667875,3.934407309
2021-04-09,1.066038,2.695669764
2021-04-10,1.0624185,0.889809923
2021-04-11,1.763268,20.46547777
2021-04-12,1.519330723,2.896032286
2021-04-13,1.5932785,0.029437739
2021-04-14,1.3521055,0.018739053
2021-04-15,1.2592685,1.101798412
2021-04-16,1.244473,0.626235394
2021-04-17,1.194562,0.056074063
2021-04-18,1.133983,0.827717059
2021-04-19,1.1569065,0.239521027
2021-04-20,1.092708,1.944256685
2021-04-21,1.1396345,13.81636133
2021-04-22,1.412494,0.519315774
2021-04-23,1.308227,0.002188061
2021-04-24,1.174369,0.902082936
2021-04-25,1.133729,1.289479205
2021-04-26,1.0972165,0
2021-04-27,1.0664825,0.000863608
2021-04-28,1.0281285,0.514067514
2021-04-29,2.347468,26.91763014
2021-04-30,2.714371,1.816144998
2021-05-01,1.7877155,0.071875306
2021-05-02,1.4915515,0.012815363
2021-05-03,1.6523335,10.91617005
2021-05-04,1.8551525,1.066028019
2021-05-05,1.7426305,1.778553209
2021-05-06,1.615567,1.878908756
2021-05-07,1.710563,6.501306238
2021-05-08,1.718691,1.846248972
2021-05-09,2.060956,32.99718031
2021-05-10,4.393625739,0.329144497
2021-05-11,2.718181,0.31480336
2021-05-12,2.116709,0.046507815
2021-05-13,1.9213195,0.003298209
2021-05-14,1.7644745,0.027380569
2021-05-15,1.567815,0.004245028
2021-05-16,1.394841,0.583602141
2021-05-17,1.297305,0.050011013
2021-05-18,1.2192635,0.000906616
2021-05-19,1.1452225,0.03678254
2021-05-20,1.084072,0.000854981
2021-05-21,1.0424795,0
2021-05-22,1.0109835,0.216152181
2021-05-23,0.991743,0.211297789
2021-05-24,0.979297,6.530777466
2021-05-25,0.970661,0.002090921
2021-05-26,0.9561195,11.59934733
2021-05-27,1.1062335,0.002008409
2021-05-28,1.191768,18.24391454
2021-05-29,1.478788,0.914749127
2021-05-30,1.146683,0.007324373
2021-05-31,1.0544175,0
2021-06-01,1.008761,0.051068112
2021-06-02,0.990854,9.801717733
2021-06-03,1.066165,14.50464596
2021-06-04,1.315339,1.341165325
2021-06-05,1.102741,0.000426173
2021-06-06,1.0339705,0.003097172
2021-06-07,0.9952355,6.645506873
2021-06-08,1.2115165,10.38507516
2021-06-09,1.1045825,1.068276189
2021-06-10,1.562354,4.691694299
2021-06-11,1.254633,1.407807597
2021-06-12,1.1030585,0.187934204
2021-06-13,1.032891,13.03893169
2021-06-14,1.046353,0.481758608
2021-06-15,0.9905365,0.52946024
2021-06-16,0.962406,0.006313933
2021-06-17,0.9479915,0.002142787
2021-06-18,0.9454515,10.72831408
2021-06-19,0.9846945,2.465901126
2021-06-20,0.973963,6.343529549
2021-06-21,1.116457,14.31037624
2021-06-22,1.1777345,0.155758895
2021-06-23,0.982726,0.001285209
2021-06-24,0.941451,0.000855327
2021-06-25,0.9271635,5.525255435
2021-06-26,0.968502,2.411304818
2021-06-27,0.942594,0.098235587
2021-06-28,0.977392,0.175410561
2021-06-29,1.1854815,1.850098338
2021-06-30,1.1015345,11.39315793
2021-07-01,1.186434,9.268095624
2021-07-02,1.0977245,1.750974552
2021-07-03,0.9921875,0.003161025
2021-07-04,0.960755,0.243293769
2021-07-05,0.9344025,0.179012286
2021-07-06,0.9153525,0.088521451
2021-07-07,0.905383,7.738962498
2021-07-08,1.0200005,21.06233016
2021-07-09,1.327825532,6.547291274
2021-07-10,1.1905615,0.011040164
2021-07-11,1.264539,22.35914307
2021-07-12,2.8724225,7.795691665
2021-07-13,2.522982,11.24057554
2021-07-14,2.25044,1.23132109
2021-07-15,1.808734,0.652562582
2021-07-16,1.719199,11.07055966
2021-07-17,4.578223,36.45472116
2021-07-18,4.2173525,0.06972974
2021-07-19,2.750185,0.071891562
2021-07-20,2.217293,0.654000297
2021-07-21,1.939036,1.126914134
2021-07-22,1.766189,0
2021-07-23,1.5702915,1.804172204
2021-07-24,1.4843125,6.692446685
2021-07-25,1.4956155,6.154581043
2021-07-26,1.351153,0.000858307
2021-07-27,1.240028,0.033336684
2021-07-28,1.168781,0.088036097
2021-07-29,1.1221085,2.938965727
2021-07-30,1.235964,0.102562929
2021-07-31,1.0737215,0.003514693
2021-08-01,1.030478,1.874851931
2021-08-02,1.015238,0.011071542
2021-08-03,0.97155,0.001717443
2021-08-04,0.943102,0.00035166
2021-08-05,0.903224,0
2021-08-06,0.8907145,0.070485581
2021-08-07,0.8815705,4.090623723
2021-08-08,1.0136505,0.209760176
2021-08-09,1.1889105,2.584738935
2021-08-10,1.41859,2.926124761
2021-08-11,1.260602,2.309666681
2021-08-12,1.491869,3.985624702
2021-08-13,1.3973175,16.17020377
2021-08-14,1.673479,0.902541095
2021-08-15,1.341374,0.001546893
2021-08-16,1.1642725,9.83055065
2021-08-17,1.248791,4.210455676
2021-08-18,1.2501245,3.706106875
2021-08-19,1.291717,0.297732092
2021-08-20,1.1616055,0.061160199
2021-08-21,1.0915015,0.010617898
2021-08-22,1.0474325,0.567166695
2021-08-23,1.013714,0.433301594
2021-08-24,0.98933,0.00601539
2021-08-25,1.0648315,4.36983033
2021-08-26,1.247775,0.529844964
2021-08-27,1.33096,1.312096215
2021-08-28,1.0948035,10.07095094
2021-08-29,1.003173,8.048586592
2021-08-30,1.5875635,6.325103869
2021-08-31,1.1643995,0.084914496
2021-09-01,1.063371,0.034840392
2021-09-02,1.052322,0.001719074
2021-09-03,1.0885805,0.004287826
2021-09-04,1.0840085,0.000761798
2021-09-05,1.078357,7.212442748
2021-09-06,1.0592435,0.002266399
2021-09-07,1.0051415,0.053924263
2021-09-08,0.969264,7.274882884
2021-09-09,0.941451,0.035231985
2021-09-10,0.9084945,0.02020347
2021-09-11,0.882269,0.003191364
2021-09-12,0.8720455,0.00647075
2021-09-13,0.865505,0.040637219
2021-09-14,0.849503,0.233021691
2021-09-15,1.0163175,12.63496372
2021-09-16,0.993648,0.018908431
2021-09-17,0.9185275,0.867378366
2021-09-18,0.8724265,0.334348423
2021-09-19,0.853313,0.001634919
2021-09-20,0.851319652,2.13976428
2021-09-21,0.8611235,2.24883691
2021-09-22,1.0572115,37.43724309
2021-09-23,1.7214215,7.332762655
2021-09-24,1.282319,0.263611814
2021-09-25,1.108964,1.862402792
2021-09-26,1.0480675,0.001050746
2021-09-27,0.988314,0.184551964
2021-09-28,0.957072,0.588944015
2021-09-29,0.9250045,0.000852453
2021-09-30,0.8969375,0.000435114
2021-10-01,0.8816975,0.001722574
2021-10-02,0.877443,0.130694565
2021-10-03,0.908177,15.25058743
2021-10-04,0.9200515,3.2277389
2021-10-05,0.897128,0.061448716
2021-10-06,0.877443,0.212398908
2021-10-07,0.857123,8.583309993
2021-10-08,1.062736,10.62438129
2021-10-09,0.924814,0.857592492
2021-10-10,0.9342755,0.98145187
2021-10-11,0.982726,0.000864575
2021-10-12,1.0384155,0.425590893
2021-10-13,1.1376025,0.028168798
2021-10-14,1.174496,0.010337603
2021-10-15,1.0892155,10.64481224
2021-10-16,1.167257,10.24758213
2021-10-17,1.1928475,0.211982684
2021-10-18,1.035558,0.000870228
2021-10-19,0.962025,0.001299381
2021-10-20,0.9337675,0
2021-10-21,0.927354,10.7145217
2021-10-22,1.127125,0.82246019
2021-10-23,1.0113645,2.140725336
2021-10-24,0.967867,13.16572023
2021-10-25,1.7035145,30.3153537
2021-10-26,1.68021,2.050817679
2021-10-27,1.360043,0.042955542
2021-10-28,1.218946,0.438950861
2021-10-29,1.5879445,20.22480843
2021-10-30,1.8236565,3.423348709
2021-10-31,1.632331,0.37152948
2021-11-01,1.4971395,0.047045768
2021-11-02,1.402969,0.238661109
2021-11-03,1.3175615,0.135250993
2021-11-04,1.24841,0.301263847
2021-11-05,1.2071985,0.014345785
2021-11-06,1.1435715,0.000426173
2021-11-07,0.994664,0.00172037
2021-11-08,0.976376,0.00170932
2021-11-09,1.0447655,0.020257884
2021-11-10,1.1175365,0.114833509
2021-11-11,1.008888,6.149771417
2021-11-12,1.1567795,10.67095861
2021-11-13,1.0821035,1.363186347
2021-11-14,0.989838,5.945879838
2021-11-15,1.125982,1.928659805
2021-11-16,1.174877,0.124937419
2021-11-17,1.0652125,0.797197457
2021-11-18,1.134999,11.57259511
2021-11-19,1.269746,0.125976322
2021-11-20,1.168273,0.001275539
2021-11-21,1.1341735,3.140107479
2021-11-22,1.161161,0.598833631
2021-11-23,1.1268075,0.009738379
2021-11-24,1.1030585,0.0012815
2021-11-25,1.0988675,6.753261389
2021-11-26,1.304798,2.462277791
2021-11-27,1.2047855,0.92867163
2021-11-28,1.1847195,4.64330296
2021-11-29,1.241679,0.126455484
2021-11-30,1.2762865,2.353237426
2021-12-01,1.3373735,1.354459296
2021-12-02,1.5935325,1.715062036
2021-12-03,1.468357787,1.573862941
2021-12-04,1.350772,0.00531404
2021-12-05,1.270889,1.133928932
2021-12-06,1.7980025,11.96103004
2021-12-07,1.768094,0.096725259
2021-12-08,1.471295,0.330630994
2021-12-09,1.3277215,1.295033018
2021-12-10,1.290955,0.168303742
2021-12-11,2.078736,21.67353393
2021-12-12,2.8338145,0.003152126
2021-12-13,2.1519515,0.000855327
2021-12-14,1.6594455,0.002163649
2021-12-15,1.5084425,0.834176752
2021-12-16,1.4054455,2.751741859
2021-12-17,1.323721,0.000453844
2021-12-18,1.326896,11.29452269
2021-12-19,1.573149,0.679385015
2021-12-20,1.370203,0.003584505
2021-12-21,1.246886,0.000896161
2021-12-22,1.2145645,0.027301688
2021-12-23,1.1631295,0.128961793
2021-12-24,1.132078,0.092727243
2021-12-25,1.4919325,13.17452141
2021-12-26,1.9396075,0.085295961
2021-12-27,1.6745585,13.14144048
2021-12-28,1.691132,6.578404321
2021-12-29,1.9351625,1.656889508
2021-12-30,1.7526635,1.488629385
2021-12-31,1.5838805,0.808739539
2022-01-01,1.4987905,6.041003799
2022-01-02,1.905889,5.570305357
2022-01-03,1.68402,0.044749177
2022-01-04,1.486662,0
2022-01-05,1.4144625,0.015111221
2022-01-06,1.3546455,0.092298693
2022-01-07,1.276731,0.39845836
2022-01-08,1.2046585,0.066020932
2022-01-09,1.321689,10.10605416
2022-01-10,1.4758035,0.124724683
2022-01-11,1.2596495,0.07823227
2022-01-12,1.185926,0.030828412
2022-01-13,1.1657965,0.667826435
2022-01-14,1.1673205,0.352534581
2022-01-15,1.1412855,0.139269754
2022-01-16,1.0860405,0.089614594
2022-01-17,1.0583545,11.84660262
2022-01-18,1.0931525,0.263190042
2022-01-19,1.104392,0.034756157
2022-01-20,1.124458,0.168978033
2022-01-21,1.078992,0.238286486
2022-01-22,1.042162,0.022579955
2022-01-23,1.089914,6.088791964
2022-01-24,1.0968355,3.509914506
2022-01-25,1.084453,0.623205844
2022-01-26,1.0470515,0.108268277
2022-01-27,1.018413,0.746317565
2022-01-28,1.047496,0.895374683
2022-01-29,1.0676255,0.124002437
2022-01-30,1.0347325,0.564108218
2022-01-31,1.0560685,0.003852668
2022-02-01,1.061339,0.000852346
2022-02-02,1.0838815,10.98259554
2022-02-03,1.7671415,26.55728003
2022-02-04,1.552829,7.622770115
2022-02-05,1.4323695,0.292590606
2022-02-06,1.362583,0.003492804
2022-02-07,1.3463905,0.081762884
2022-02-08,1.353185,0.232249673
2022-02-09,1.3227685,0.073193239
2022-02-10,1.4361795,0.792104464
2022-02-11,1.444244,3.574838126
2022-02-12,1.916049,0.945132338
2022-02-13,1.7704435,0.804343253
2022-02-14,1.570609,0.495939013
2022-02-15,1.458214,0.010424804
2022-02-16,1.4680565,0.005403079
2022-02-17,3.148203,28.87752401
2022-02-18,5.3543835,11.03365548
2022-02-19,5.3543835,0.522801824
2022-02-20,5.3543835,0.000560168
2022-02-21,2.915412,0
2022-02-22,3.3475295,10.0332322
2022-02-23,4.2729785,1.521324542
2022-02-24,3.065018,0.633163443
2022-02-25,3.056509,11.08047106
2022-02-26,2.887853,0.083162119
2022-02-27,2.4817705,0.000852346
2022-02-28,2.2186265,0.001034944
2022-03-01,2.025396,1.385987828
2022-03-02,1.981581,0.738095255
2022-03-03,2.002409,4.130230056
2022-03-04,1.850898,0.00128746
2022-03-05,1.6831945,0.001722574
2022-03-06,1.7011015,6.765086109
2022-03-07,3.063494,32.51462673
2022-03-08,3.8387655,0.358877166
2022-03-09,2.7425015,0.860803089
2022-03-10,2.3128605,0.000852346
2022-03-11,2.13487,3.140362963
2022-03-12,1.9666585,1.923175958
2022-03-13,1.7494885,1.112027658
2022-03-14,1.6104235,0.001725635
2022-03-15,1.6118205,0.14360335
2022-03-16,1.524127,0.000435114
2022-03-17,1.4445615,0.000861287
2022-03-18,1.3606145,1.053076785
2022-03-19,1.602486,11.18704422
2022-03-20,1.911477,3.064110237
2022-03-21,1.68656,0.000860308
2022-03-22,1.5047595,3.111276983
2022-03-23,1.467358,18.83221718
2022-03-24,2.4759285,0.1764307
2022-03-25,1.966087,3.395768561
2022-03-26,1.8537555,4.100863053
2022-03-27,2.0024725,0.576239813
2022-03-28,1.858772,0.336427855
2022-03-29,1.696847,0.000860327
2022-03-30,1.6857345,2.286616079
2022-03-31,1.7160875,3.828797116
2022-04-01,1.7742535,2.483283406
2022-04-02,1.6213455,0.0013134
2022-04-03,1.5870555,3.918891494
2022-04-04,1.6226155,3.794645882
2022-04-05,1.619123,0.07517964
2022-04-06,1.501902,6.955790321
2022-04-07,1.483487,0.662299848
2022-04-08,1.4895195,2.555275812
2022-04-09,1.4293215,1.959864395
2022-04-10,1.4054455,0.003213643
2022-04-11,1.43891,13.12845127
2022-04-12,3.096006,2.47869755
2022-04-13,2.139061,1.9552096
2022-04-14,2.320798,2.738251125
2022-04-15,1.9029045,0.363651968
2022-04-16,1.7322165,2.815391687
2022-04-17,1.6680815,0.011108475
2022-04-18,1.618869,17.6513124
2022-04-19,2.4023955,2.185701386
2022-04-20,2.2478365,0.008801228
2022-04-21,1.92151,3.898957979
2022-04-22,1.8152745,0.523370939
2022-04-23,1.6740505,0.831371471
2022-04-24,1.582293,0.02054456
2022-04-25,1.5146655,14.07614232
2022-04-26,1.593977,0.034242509
2022-04-27,1.395603,0.010197547
2022-04-28,1.3049885,0.000860108
2022-04-29,1.256411,0.000852346
2022-04-30,1.22809,0.096900748
2022-05-01,1.336548,9.070099278
2022-05-02,1.367917,0.013461181
2022-05-03,1.2699365,13.56502181
2022-05-04,1.509903,4.702352926
2022-05-05,1.2954,1.448466336
2022-05-06,1.680845,8.194371675
2022-05-07,2.660015,7.619349389
2022-05-08,1.7460595,0.001710653
2022-05-09,1.5065375,0.000852346
2022-05-10,1.442593,0.000441074
2022-05-11,1.338979915,0.001716614
2022-05-12,1.2450445,0
2022-05-13,1.181989,0.44760268
2022-05-14,1.147191,1.761147268
2022-05-15,1.4067155,1.579231846
2022-05-16,1.2779375,11.49009622
2022-05-17,1.2186285,0
2022-05-18,1.1580495,5.813837985
2022-05-19,1.3114655,2.516642302
2022-05-20,1.2130405,1.100795486
2022-05-21,1.244854,18.45784988
2022-05-22,1.452499,1.838346769
2022-05-23,1.1797665,0.094127011
2022-05-24,1.137031,0.000857533
2022-05-25,1.109599,0.544235408
2022-05-26,1.098042,4.21048693
2022-05-27,1.54559,15.54247059
2022-05-28,1.8424525,0.418876344
2022-05-29,1.307338,0.001749798
2022-05-30,1.152652,0.001278522
2022-05-31,1.086485,0.05547307
2022-06-01,1.054354,10.26855084
2022-06-02,1.5188565,3.166923786
2022-06-03,1.1939905,0.002909581
2022-06-04,1.0960735,0.001712684
2022-06-05,1.03124,0.001385849
2022-06-06,0.991616,3.489778149
2022-06-07,1.1630025,21.37021195
2022-06-08,1.429893,2.244046449
2022-06-09,1.721993,26.70467785
2022-06-10,1.362583,0.000950979
2022-06-11,1.166241,0.032995111
2022-06-12,1.0713085,3.376104054
2022-06-13,1.1194415,3.916364793
2022-06-14,1.14046,36.50952879
2022-06-15,1.1080115,0.013874577
2022-06-16,1.021461,0.40040594
2022-06-17,0.990346,0.001208605
2022-06-18,0.955675,0.008502678
2022-06-19,0.9261475,0.000437634
2022-06-20,0.909066,2.133173443
2022-06-21,0.908304,0
2022-06-22,0.9030335,0.78993308
2022-06-23,0.8959215,0.000858307
2022-06-24,0.881634,0.001732242
2022-06-25,0.8758555,0.002151728
2022-06-26,0.878078,4.081737802
2022-06-27,0.9761855,0.491859713
2022-06-28,0.9048115,0.006648641
2022-06-29,0.8721725,0.016808283
2022-06-30,0.8612505,0
2022-07-01,0.8476615,0.119797321
2022-07-02,0.978916,2.48984539
2022-07-03,0.8829675,0.000435114
2022-07-04,0.855345,0.000858307
2022-07-05,0.9483725,5.640605244
2022-07-06,1.461389,11.37650043
2022-07-07,1.094105,0.000442571
2022-07-08,0.936498,0.958573306
2022-07-09,0.8846185,0.048170681
2022-07-10,0.860679,0.001291379
2022-07-11,0.847598,0
2022-07-12,0.8447405,12.10635739
2022-07-13,0.856951826,4.054580582
2022-07-14,1.2251055,3.664615575
2022-07-15,0.9344025,0.000433068
2022-07-16,0.949198,2.28949344
2022-07-17,1.0437495,17.99315818
2022-07-18,1.84531,11.58151205
2022-07-19,1.3467715,0.011368414
2022-07-20,1.063625,1.477124749
2022-07-21,1.127252,1.489060517
2022-07-22,1.02616,0.172022351
2022-07-23,0.954532,2.764518996
2022-07-24,0.9336405,0.262339446
2022-07-25,1.2501245,18.56450973
2022-07-26,1.1114405,0.002829582
2022-07-27,0.995807,8.6208322
2022-07-28,1.076706,0.391738498
2022-07-29,0.958469,0.0104478
2022-07-30,0.934847,0.0245131
2022-07-31,0.9166225,0.000858307
2022-08-01,0.892302,1.623519781
2022-08-02,0.8794115,0.42912252
2022-08-03,0.868807,0.443128213
2022-08-04,0.926973,5.775553473
2022-08-05,1.0083165,6.241466672
2022-08-06,0.925068,0.888817539
2022-08-07,0.874141,0.643556009
2022-08-08,0.8996045,6.760884042
2022-08-09,1.34874,15.01846522
2022-08-10,1.0829925,0.204085589
2022-08-11,0.949833,0.00323011
2022-08-12,0.897509,0.000427166
2022-08-13,0.850392,0.789571281
2022-08-14,0.8676005,6.736041466
2022-08-15,0.830453,0.594124505
2022-08-16,0.8513445,0.62628071
2022-08-17,0.8475345,1.060248095
2022-08-18,0.8510905,0.429171778
2022-08-19,0.897702261,0.09673158
2022-08-20,0.856361,4.032033183
2022-08-21,1.1481435,14.73773876
2022-08-22,1.288669,4.652469011
2022-08-23,1.180211,0.569695781
2022-08-24,0.9458325,0.015659048
2022-08-25,0.883666,0.016115258
2022-08-26,0.860993739,2.055006211
2022-08-27,0.8532495,0.009478318
2022-08-28,0.8415655,0.005822734
2022-08-29,0.8297545,4.445377852
2022-08-30,0.9787255,11.75338944
2022-08-31,0.88773,0.000441347
2022-09-01,0.8340725,0.083366542
2022-09-02,0.816930261,0.059318735
2022-09-03,0.8107045,0.159028585
2022-09-04,0.8273415,13.29984884
2022-09-05,1.477391,6.099266655
2022-09-06,1.0459085,0.93669637
2022-09-07,0.955421,0.022820087
2022-09-08,0.8994775,0.004116115
2022-09-09,0.8589645,0.001299381
2022-09-10,0.840994,0.001445617
2022-09-11,0.885571,6.103224718
2022-09-12,1.001268,0.970169195
2022-09-13,0.9243695,4.453384188
2022-09-14,0.933704,0.034257323
2022-09-15,0.869061,0.023522301
2022-09-16,0.837946,0.003006878
2022-09-17,0.8274685,0.001892147
2022-09-18,0.8185785,0.161820271
2022-09-19,0.9542145,7.738377821
2022-09-20,1.0495915,0
2022-09-21,0.8970645,12.23027298
2022-09-22,0.934847,3.338404098
2022-09-23,0.949452,0.003101451
2022-09-24,0.890397,0.820075883
2022-09-25,0.96647,11.84086454
2022-09-26,1.2708255,2.311996913
2022-09-27,1.336548,2.667200123
2022-09-28,1.249553,1.695051577
2022-09-29,1.175893,0.050005179
2022-09-30,0.970534,0
2022-10-01,0.91313,0.00128746
2022-10-02,0.88646,0.013602037
2022-10-03,0.873633,0.001275539
2022-10-04,0.864489,0.001726911
2022-10-05,0.8606155,0.001700356
2022-10-06,0.86487,0.001117402
2022-10-07,0.863092,0.409848443
2022-10-08,0.9404985,0.06974053
2022-10-09,0.903605,0.001299381
2022-10-10,0.8725535,0.031272183
2022-10-11,0.861314,0
2022-10-12,0.8457565,1.532524713
2022-10-13,1.592834,6.679194574
2022-10-14,1.150747,0.002466021
2022-10-15,0.971169,0.047991115
2022-10-16,0.9150985,0.31526663
2022-10-17,0.8983345,1.383900713
2022-10-18,0.971042,3.31461962
2022-10-19,1.3306425,9.42253553
2022-10-20,1.2691745,0.037959855
2022-10-21,0.9994265,0
2022-10-22,0.92456,0
2022-10-23,0.8980805,0.000426173
2022-10-24,0.9547225,0
2022-10-25,1.079373,0.001728467
2022-10-26,1.145413,7.701661316
2022-10-27,1.370076,0.005645981
2022-10-28,1.1669395,0.000852346
2022-10-29,1.1054715,0.001278413
2022-10-30,1.085977,0.259579073
2022-10-31,1.0767695,9.110220255
2022-11-01,0.999744,1.443456052
2022-11-02,0.9189085,0.000870228
2022-11-03,0.8954135,0.000858307
2022-11-04,0.882396,0.001728535
2022-11-05,0.877360174,0.020848213
2022-11-06,0.8800465,0.303184568
2022-11-07,0.874649,0.000435114
2022-11-08,0.866648,0.000435114
2022-11-09,0.8662035,0.000856222
2022-11-10,0.86614,0
2022-11-11,1.43383,14.02818284
2022-11-12,2.20345,4.567433847
2022-11-13,1.5333345,1.005073444
2022-11-14,1.358138,0.053046794
2022-11-15,1.2670155,1.472794504
2022-11-16,1.265936,2.797524267
2022-11-17,1.24206,0.988051578
2022-11-18,1.202055,0.705680995
2022-11-19,1.1515725,0.059461705
2022-11-20,1.0997565,0.598911422
2022-11-21,1.06045,0.000435114
2022-11-22,1.030732,0
2022-11-23,1.0080625,0.001716614
2022-11-24,0.982599,0
2022-11-25,0.9666605,2.923931411
2022-11-26,0.95377,-8.32644E-07
2022-11-27,0.983234,23.55221773
2022-11-28,1.182497,1.297690218
2022-11-29,1.100074,0.229933332
2022-11-30,1.0875645,8.333623848
2022-12-01,1.3122275,0.013105024
2022-12-02,1.1999595,0.004404188
2022-12-03,1.167511,5.656070488
2022-12-04,1.249807,0
2022-12-05,1.1643995,0.001734495
2022-12-06,1.1214735,1.691056648
2022-12-07,1.107313,1.566864561
2022-12-08,1.107605878,0.112750881
2022-12-09,1.067151692,0.956407826
2022-12-10,1.02743,4.945332303
2022-12-11,0.995153185,1.480693377
2022-12-12,0.976376,0.522607445
2022-12-13,0.957326,0.013688382
2022-12-14,0.9384665,0.220210137
2022-12-15,0.981456,9.808859481
2022-12-16,1.1231245,0.777654887
2022-12-17,1.0503535,0.513816093
2022-12-18,1.0163175,0.688986191
2022-12-19,0.9852025,0.024777562
2022-12-20,0.960501,0.003656001
2022-12-21,0.9363075,0.00159051
2022-12-22,0.9311005,1.620572954
2022-12-23,0.961898,11.11784854
2022-12-24,0.891667,0.758634353
2022-12-25,1.024001,0.192506813
2022-12-26,1.1031855,0.299994634
2022-12-27,1.0725785,0.075961744
2022-12-28,1.052576,0.005946159
2022-12-29,1.025906,0.033779701
2022-12-30,1.1294745,0.976277938
2022-12-31,1.194054,11.89699922
2023-01-01,1.3047345,0.410720717
2023-01-02,1.158875,1.576740517
2023-01-03,1.6715105,29.083033
2023-01-04,2.3870285,8.471902575
2023-01-05,2.4822785,0.317632564
2023-01-06,1.8927445,1.317322477
2023-01-07,1.693799,0.278826915
2023-01-08,1.6212185,0.033383683
2023-01-09,1.5385415,0.018954281
2023-01-10,1.4208125,0.78727299
2023-01-11,1.334516,0.095632501
2023-01-12,1.406779,19.83233947
2023-01-13,2.76733,5.350152893
2023-01-14,2.076323,0.685663214
2023-01-15,1.6910685,0.001304981
2023-01-16,1.524635,0.088178823
2023-01-17,2.119221391,6.772601478
2023-01-18,1.938782,0.063966682
2023-01-19,2.5217755,18.07682212
2023-01-20,2.643505,3.994065395
2023-01-21,2.1661755,0.285151497
2023-01-22,1.899158,5.929778604
2023-01-23,1.8531205,1.953005181
2023-01-24,1.78816,0.050453963
2023-01-25,1.71577,12.70707975
2023-01-26,2.1519515,3.776104478
2023-01-27,1.8561685,0.540085451
2023-01-28,1.6637,1.994569494
2023-01-29,1.801241,3.560260348
2023-01-30,2.0357465,2.750308586
2023-01-31,1.74625,0.252532215
2023-02-01,1.548511,0.002055125
2023-02-02,1.44402313,0.001710653
2023-02-03,1.369441,0.447629007
2023-02-04,1.293622,0.009379862
2023-02-05,1.218819,0.010486536
2023-02-06,1.2107545,0.096869722
2023-02-07,1.1994515,0.049888544
2023-02-08,1.190117,0.005468722
2023-02-09,1.415923,16.90527559
2023-02-10,1.595097913,0.375805804
2023-02-11,1.363472,0.000865242
2023-02-12,1.2845415,0
2023-02-13,1.2761595,0
2023-02-14,1.2665075,0.00086096
2023-02-15,1.231773,1.092710278
2023-02-16,1.1872595,6.724083768
2023-02-17,1.188593,5.131223251
2023-02-18,1.128014,0.002160777
2023-02-19,1.080643,0.001968974
2023-02-20,1.0513695,0.016136949
2023-02-21,1.029843,0.160913653
2023-02-22,1.3264515,21.61546601
2023-02-23,2.615819,5.007252473
2023-02-24,1.7244695,0.018496824
2023-02-25,1.485011,0.996365269
2023-02-26,1.4300835,0.000852346
2023-02-27,1.439545,14.66975598
2023-02-28,3.0860365,2.230149929
2023-03-01,2.165096,0.798599342
2023-03-02,1.8532475,0.473569585
2023-03-03,1.7581245,25.04079741
2023-03-04,3.9177595,9.525218212
2023-03-05,2.6481405,0.094596876
2023-03-06,2.1805265,2.075540208
2023-03-07,2.1053425,4.049700388
2023-03-08,1.955038,0.001126208
2023-03-09,1.7280255,0.000934604
2023-03-10,1.587754,6.109311306
2023-03-11,1.6593185,1.281652262
2023-03-12,1.5111095,1.344413443
2023-03-13,1.4224635,2.014954581
2023-03-14,1.4003655,2.713942639
2023-03-15,1.340485,0.00423726
2023-03-16,1.3684885,0.0973889
2023-03-17,1.404747,6.990109142
2023-03-18,1.491869,0.310617758
2023-03-19,1.341882,0.069102861
2023-03-20,1.2858115,0.001721326
2023-03-21,1.2717145,0.032742017
2023-03-22,1.2659995,4.430320622
2023-03-23,2.1189315,30.03076354
2023-03-24,2.757297,0.793659903
2023-03-25,2.9058235,15.03856003
2023-03-26,2.6608405,0.000877275
2023-03-27,2.2151975,5.082202479
2023-03-28,2.2562185,0.04616763
2023-03-29,1.9492595,0.9537619
2023-03-30,1.798828,3.87839E-05
2023-03-31,1.681099,6.781673759
2023-04-01,2.0998815,8.905968536
2023-04-02,1.9497675,0.081241164
2023-04-03,1.668526,0.164345624
2023-04-04,1.552956,0.808746393
2023-04-05,1.4827885,5.296215162
2023-04-06,2.56286,7.781883058
2023-04-07,1.95072,0.000857362
2023-04-08,1.654048,0.002143951
2023-04-09,1.508506,0.0012815
2023-04-10,1.4197965,0.000852346
2023-04-11,1.3117195,0.003004074
2023-04-12,1.2186285,-1.19217E-05
2023-04-13,1.1580495,0
2023-04-14,1.124839,0.000435114
2023-04-15,1.092708,0.364963584
2023-04-16,1.148334,6.352046711
2023-04-17,1.394587,2.142712915
2023-04-18,1.2285345,0.220781415
2023-04-19,1.1316335,0.002578159
2023-04-20,1.0804525,0.233433629
2023-04-21,1.055624,4.254468513
2023-04-22,2.1892895,18.09064544
2023-04-23,2.2080855,1.016646888
2023-04-24,1.723898,1.699661375
2023-04-25,1.5229205,1.167402583
2023-04-26,1.4647545,0.633949867
2023-04-27,1.3935075,0
2023-04-28,1.3333095,16.70934734
2023-04-29,1.340104,7.384968633
2023-04-30,1.312545,8.478986789
2023-05-01,1.374316696,5.943716137
2023-05-02,1.7172305,10.0124372
2023-05-03,2.4003,7.223470823
2023-05-04,2.1118195,0.578850645
2023-05-05,1.772412,0.002565732
2023-05-06,1.680591,0.001403299
2023-05-07,1.630348696,7.563711061
2023-05-08,1.537589,0.782913438
2023-05-09,1.4214475,1.069633861
2023-05-10,1.3043535,0.000852346
2023-05-11,1.197991,0.000435114
2023-05-12,1.1536045,1.150416085
2023-05-13,1.099185,9.812816207
2023-05-14,1.034923,0
2023-05-15,1.013079,0.001719594
2023-05-16,0.996569,0.002795443
2023-05-17,0.966597,0.001694007
2023-05-18,0.930021,0
2023-05-19,0.900303,6.45605E-05
2023-05-20,0.960882,10.2037163
2023-05-21,0.9876155,0
2023-05-22,0.9177655,0.000858307
2023-05-23,0.8989695,0.009998631
2023-05-24,0.890143,0.011649368
2023-05-25,0.8740775,0
2023-05-26,0.8688705,0.00128746
2023-05-27,0.859028,0.0012815
2023-05-28,0.8569325,0.000875677
2023-05-29,0.8531225,0
2023-05-30,0.85217,0.049304103
2023-05-31,0.8496935,0.000137954
2023-06-01,0.8545195,0.000858307
2023-06-02,0.8518525,0.001697
2023-06-03,0.848106,0.063270944
2023-06-04,0.8443595,0.0012815
2023-06-05,0.8414385,0.000852346
2023-06-06,0.847725,0.004222932
2023-06-07,0.8513445,0.001716614
2023-06-08,0.8382,0.019684441
2023-06-09,0.8357235,0.029539102
2023-06-10,0.8339455,0.002574527
2023-06-11,0.843153,9.12799923
2023-06-12,1.411351,30.26693528
2023-06-13,1.1240135,7.577937964
2023-06-14,1.4834235,11.11390093
2023-06-15,1.1236325,0.04800862
2023-06-16,1.150747,10.46991551
2023-06-17,1.0075545,0.001926431
2023-06-18,0.9342755,0
2023-06-19,0.903859,0.002116549
2023-06-20,0.891159,0.029978188
2023-06-21,0.8829675,0.008688192
2023-06-22,0.8752205,0.103948858
2023-06-23,0.8762365,9.529685452
2023-06-24,0.9241155,1.321520188
2023-06-25,0.893191,0.204133844
2023-06-26,0.901446,26.29788118
2023-06-27,1.0038715,1.760022932
2023-06-28,0.980313,0.18226187
2023-06-29,0.907288,0.00128746
2023-06-30,0.872998,1.040179079
2023-07-01,0.9895205,5.487448825
2023-07-02,1.14554,20.50033097
2023-07-03,1.143635,10.94258838
2023-07-04,1.1268075,0.109081136
2023-07-05,0.9457055,1.093518953
2023-07-06,0.944118,8.050163769
2023-07-07,1.0384155,0.686781404
2023-07-08,0.8909685,14.18288528
2023-07-09,0.9492615,1.348358775
2023-07-10,0.881634,0.001876976
2023-07-11,0.858012,0.00632355
2023-07-12,0.851916,12.14429823
2023-07-13,0.942975,0.380611628
2023-07-14,0.8927465,0.123714426
2023-07-15,0.8475345,11.19066611
2023-07-16,1.040511,12.09797528
2023-07-17,0.9796145,1.00250374
2023-07-18,0.9424035,0.164028248
2023-07-19,0.918464,0.007596068
2023-07-20,0.879983,6.022568588
2023-07-21,2.4204295,5.105828837
2023-07-22,1.306957,0.353424171
2023-07-23,1.075877739,3.972514891
2023-07-24,1.0973435,5.248101556
2023-07-25,1.237615,0.431409511
2023-07-26,1.1523345,2.373690771
2023-07-27,1.9397345,19.26217944
2023-07-28,1.4133195,8.487729183
2023-07-29,1.7851755,11.89190131
2023-07-30,1.8416905,2.870383327
2023-07-31,1.52146,0.310167666
2023-08-01,1.2616815,0.300112655
2023-08-02,1.100328,0.012934014
2023-08-03,1.037082,0.000852346
2023-08-04,0.9926955,0.214790193
2023-08-05,0.9618345,0.000858307
2023-08-06,0.9286875,2.426242944
2023-08-07,1.4723745,12.263831
2023-08-08,1.4763115,0.004272553
2023-08-09,1.100836,0.245120512
2023-08-10,1.055624,4.99916077
2023-08-11,1.1033125,1.309652387
2023-08-12,2.2041485,27.75830999
2023-08-13,2.062988,0.051781267
2023-08-14,1.4806295,10.37585846
2023-08-15,1.3004165,5.774657731
2023-08-16,1.313307,1.065584128
2023-08-17,1.151509,4.266912831
2023-08-18,1.3750925,1.784213663
2023-08-19,1.1680825,0
2023-08-20,1.0804525,0.000435114
2023-08-21,1.032637,0.142842241
2023-08-22,0.989584,0.007620647
2023-08-23,0.993775,0.249849873
2023-08-24,3.52407166,18.9008344
2023-08-25,2.2618065,12.73133035
2023-08-26,1.812168522,1.187071766
2023-08-27,1.4271625,0.255819404
2023-08-28,1.286383,0
2023-08-29,1.210818,0.002644601
2023-08-30,1.1643995,0.556763447
2023-08-31,1.128141,0.098436323
2023-09-01,1.087374,0.001717592
2023-09-02,1.0493375,0.000841369
2023-09-03,1.012797391,0.00109418
2023-09-04,0.9878695,0.003651618
2023-09-05,0.9676765,0.024115931
2023-09-06,0.9473565,11.79764864
2023-09-07,0.931037,5.071113522
2023-09-08,0.98552,1.944564657
2023-09-09,0.9737725,0.047263421
2023-09-10,0.9239885,0.309757505
2023-09-11,0.9017,0.251571554
2023-09-12,0.883158,5.310082291
2023-09-13,0.916178,0.990587019
2023-09-14,0.8890635,0.601484598
2023-09-15,0.859155,0.000441074
2023-09-16,0.844931,2.63421E-06
2023-09-17,0.8362315,0.384777051
2023-09-18,0.8345805,1.074200608
2023-09-19,0.8363585,0.047258506
2023-09-20,0.8334375,0
2023-09-21,0.8273415,0.000435114
2023-09-22,0.8255,0.003004074
2023-09-23,0.8132445,0
2023-09-24,0.813054,0.005838059
2023-09-25,0.8090535,1.833494687
2023-09-26,0.8051165,1.379585586
2023-09-27,0.80137,3.173579735
2023-09-28,0.8274685,9.625034594
2023-09-29,0.895223,1.09667426
2023-09-30,0.8505825,0.228633818
2023-10-01,0.822761217,0.001169711
2023-10-02,0.8145145,0
2023-10-03,0.8110855,0.002191933
2023-10-04,0.808736,0
2023-10-05,0.8053705,5.243047845
2023-10-06,0.9561195,4.453271791
2023-10-07,0.9082405,0.967072008
2023-10-08,1.0429875,0.259174432
2023-10-09,0.94996,0.291764922
2023-10-10,0.8655685,0.001795836
2023-10-11,0.836803,0.001986561
2023-10-12,0.824103,2.851394247
2023-10-13,0.817626,0.001729121
2023-10-14,1.0462895,21.28228549
2023-10-15,1.102614,2.778946018
2023-10-16,1.095629,3.862793996
2023-10-17,1.0047605,0.248326006
2023-10-18,0.9526905,0.070882032
2023-10-19,0.894969,3.222422419
2023-10-20,1.2539345,9.676321511
2023-10-21,1.6863695,5.623271895
2023-10-22,1.2487275,1.788497399
2023-10-23,1.0541635,0.002207731
2023-10-24,0.9703435,0.001710653
2023-10-25,0.931164,0.204570991
2023-10-26,0.9347835,0.005950322
2023-10-27,0.9852025,0.042291482
2023-10-28,1.0427335,6.283198819
2023-10-29,1.1685905,16.23555313
2023-10-30,1.3832205,10.34468996
2023-10-31,1.268222,0.252820661
2023-11-01,1.035193565,0.947560041
2023-11-02,1.020826,0.005219648
2023-11-03,0.9855835,-8.6963E-06
2023-11-04,0.9401175,0.532485386
2023-11-05,0.921131,0.005044397
2023-11-06,0.908431,0.087297316
2023-11-07,0.9077325,0.803226575
2023-11-08,0.9079865,0.215755723
2023-11-09,0.901065,0.715344565
2023-11-10,0.887095,1.92506E-05
2023-11-11,0.872744,0.027317023
2023-11-12,0.864362,-3.24068E-06
2023-11-13,0.8662035,0.001727127
2023-11-14,0.8679815,0
2023-11-15,0.861568,0.000858307
2023-11-16,0.8629015,0.001726531
2023-11-17,0.963764348,11.02925406
2023-11-18,1.4666595,0.056595544
2023-11-19,1.0926445,0.002585779
2023-11-20,0.9919335,0.001512633
2023-11-21,1.016254,18.28610205
2023-11-22,1.4270355,1.108918732
2023-11-23,1.1740515,0.002154016
2023-11-24,1.0476865,0.005292483
2023-11-25,1.0042525,0
2023-11-26,0.976376,4.519501522
2023-11-27,1.1213465,1.740458601
2023-11-28,1.0508615,0.624743509
2023-11-29,0.980567,0.002041585
2023-11-30,0.95631,6.65622E-06
2023-12-01,1.016508,6.262523925
2023-12-02,1.1886565,3.213739336
2023-12-03,1.0488295,4.521990909
2023-12-04,1.0916285,0.717608216
2023-12-05,1.0520045,3.526829017
2023-12-06,1.0575925,0.862729207
2023-12-07,1.034796,0.020016006
2023-12-08,1.011682,0.002587248
2023-12-09,1.0050145,4.095005706
2023-12-10,1.2869545,11.5915004
2023-12-11,1.1406505,0.821249598
2023-12-12,1.0708005,0.001743893
2023-12-13,1.0198735,0.000852346
2023-12-14,0.977392,0.000852346
2023-12-15,0.9551035,0.001710653
2023-12-16,0.938403,0.000852346
2023-12-17,0.958596,8.1289004
2023-12-18,1.227709,4.60758178
2023-12-19,1.250442,0.575727176
2023-12-20,1.1892915,0.000426173
2023-12-21,1.1216005,0.001494194
2023-12-22,1.178179,0.072682685
2023-12-23,1.337691,5.97956255
2023-12-24,1.3866495,1.114289359
2023-12-25,1.2357735,0.040843398
2023-12-26,1.151636,4.02495864
2023-12-27,1.5205075,12.99239107
2023-12-28,1.9685,3.62776285
2023-12-29,1.7455515,0.696206844
2023-12-30,1.523111,2.060130309
2023-12-31,1.4267815,1.74557365
2024-01-01,1.4446885,4.638262497
2024-01-02,1.4103985,0.07851609
2024-01-03,1.2681585,0.223718898
2024-01-04,1.1914505,0.606167276
2024-01-05,1.1367135,0.000387013
2024-01-06,1.081151,1.683958461
2024-01-07,1.056005,2.815242675
2024-01-08,1.0931525,0.121386943
2024-01-09,1.393444,26.47033934
2024-01-10,2.5691465,4.975194913
2024-01-11,1.9263995,0.633083643
2024-01-12,1.6210915,10.72997343
2024-01-13,2.1909405,5.796620038
2024-01-14,1.805305,0.686218572
2024-01-15,1.492123,0.001864613
2024-01-16,1.358138,1.099137707
2024-01-17,1.317879,0.002255742
2024-01-18,1.252728,0.787080823
2024-01-19,1.146429,4.987416814
2024-01-20,1.1184255,0.973493397
2024-01-21,1.0734675,0.194840641
2024-01-22,1.034923,0.719605698
2024-01-23,1.026541,11.05879142
2024-01-24,1.3462635,10.35535328
2024-01-25,2.6528395,2.502123991
2024-01-26,2.639441,11.72395315
2024-01-27,2.220214,0.340564116
2024-01-28,2.8251785,23.21998065
2024-01-29,3.1061025,0.772825066
2024-01-30,2.4093805,1.360374548
2024-01-31,2.0615275,1.152222976
2024-02-01,1.914652,0.02659001
2024-02-02,1.78689,0.213086538
2024-02-03,1.613789,0.015103628
2024-02-04,1.457579,0.001716614
2024-02-05,1.3435965,0.004422568
2024-02-06,1.257034957,0.004393792
2024-02-07,1.1777345,0.001281739
2024-02-08,1.1078845,0.00717323
2024-02-09,1.0549255,0.482431091
2024-02-10,1.0517505,2.629230479
2024-02-11,1.080135,8.94442E-05
2024-02-12,1.021334,0.001844909
2024-02-13,0.9906,0.409546539
2024-02-14,0.970026,0.178178134
2024-02-15,0.9504045,1.680658443
2024-02-16,0.947928,1.450152887
2024-02-17,0.9357995,2.888378103
2024-02-18,0.92202,0.000673138
2024-02-19,0.917702,0.001778846
2024-02-20,0.9147175,0.002599161
2024-02-21,0.920369,0.25482505
2024-02-22,1.0086975,14.21116959
2024-02-23,1.534541,0.660091653
2024-02-24,1.2731115,1.178420404
2024-02-25,1.153414,0.000855932
2024-02-26,1.0953115,0.001725678
2024-02-27,1.0523855,0.735445318
2024-02-28,1.196848,18.89001492
2024-02-29,1.243203,0.007745047
2024-03-01,1.1276965,0.426220875
2024-03-02,1.165098,2.660584026
2024-03-03,1.154303,0.163767718
2024-03-04,1.0936605,0.063437915
2024-03-05,1.115314,3.631768963
2024-03-06,1.594485,7.803097877
2024-03-07,1.499362,0.051969305
2024-03-08,1.198499,1.073263565
2024-03-09,1.270254,21.06546959
2024-03-10,1.519936,1.742409678
2024-03-11,1.5309215,0.000435114
2024-03-12,1.5028545,0.000447546
2024-03-13,1.3982065,0.033428606
2024-03-14,1.3570585,11.07235369
2024-03-15,2.0140295,7.651691543
2024-03-16,1.75133,0.008888609
2024-03-17,1.5991205,4.434491953
2024-03-18,1.537782261,1.008347802
2024-03-19,1.4633575,0.153424136
2024-03-20,1.416177,1.024652487
2024-03-21,1.310767,0.000940265
2024-03-22,1.195743652,0.534030025
2024-03-23,1.3174345,3.883585166
2024-03-24,1.324483,0.001574761
2024-03-25,1.216533,0.001724102
2024-03-26,1.411859,8.409081059
2024-03-27,1.841754,3.25575491
2024-03-28,1.551559,0.028785025
2024-03-29,1.3914755,0.000645404
2024-03-30,1.3278485,12.71459204
2024-03-31,1.4562455,0.010454817
2024-04-01,2.0305395,16.51217512
2024-04-02,3.4279205,31.99446636
2024-04-03,3.5765105,12.15504137
2024-04-04,2.870327,3.921713238
2024-04-05,2.7262455,2.50928537
2024-04-06,2.815993412,0.107285678
2024-04-07,2.815993412,0.001284309
2024-04-08,2.815993412,1.496445612
2024-04-09,1.7318736,0.816281299
2024-04-10,1.7028795,2.918721888
2024-04-11,2.535047,21.86656861
2024-04-12,3.4623375,14.40148395
2024-04-13,3.806698,0.109743841
2024-04-14,2.938272,1.080241587
2024-04-15,2.6462355,2.133834354
2024-04-16,2.4750395,0.000429153
2024-04-17,2.2205315,15.33200524
2024-04-18,2.747348667,0.032432197
2024-04-19,2.747348667,1.770105976
2024-04-20,2.747348667,0.059024456
2024-04-21,2.747348667,0.029904752
2024-04-22,2.747348667,0.000852346
2024-04-23,1.309793333,4.706564593
2024-04-24,1.3757275,2.266430976
2024-04-25,1.281938,0.000852346
2024-04-26,1.226439,5.68434E-11
2024-04-27,1.129411,0.697219797
2024-04-28,1.167003,0.317369877
2024-04-29,1.09474,0.604585359
2024-04-30,0.9742805,9.886175816
2024-05-01,0.957326,0.097970875
2024-05-02,0.922147,0.001370088
2024-05-03,0.913892,2.068328932
2024-05-04,0.941705,12.90324967
2024-05-05,0.937641,3.910014967
2024-05-06,0.9830435,0.064615215
2024-05-07,0.928243,0.563360414
2024-05-08,0.921893,3.038477154
2024-05-09,0.956056,4.921213749
2024-05-10,1.4994255,1.148462377
2024-05-11,1.3349605,8.144245694
2024-05-12,1.7414875,0.050885505
2024-05-13,1.462659,0.003834639
2024-05-14,1.231773,1.980302094
2024-05-15,1.0946765,4.729309904
2024-05-16,1.03124,0.177240231
2024-05-17,1.0090785,10.42680323
2024-05-18,1.61544,1.111061519
2024-05-19,1.1373485,0.009209915
2024-05-20,1.047623,0.483121683
2024-05-21,0.9822815,0.037538053
2024-05-22,0.9474835,6.635086761
2024-05-23,1.1537315,0.002537417
2024-05-24,1.0118725,0.00282644
2024-05-25,0.9525635,2.455417025
2024-05-26,0.9346565,5.726827382
2024-05-27,1.0360025,23.9712616
2024-05-28,0.9769475,1.074115495
2024-05-29,1.202817,15.55621855
2024-05-30,1.913763,0.000900655
2024-05-31,1.317244,0
2024-06-01,1.095375,0.000858307
2024-06-02,0.992759,9.579068117
2024-06-03,0.963295,0.542467501
2024-06-04,0.937006,0.119991554
2024-06-05,0.9097645,5.002930623
2024-06-06,1.399032,7.244023372
2024-06-07,1.0412095,0.451327345
2024-06-08,0.9313545,1.84544E-06
2024-06-09,0.901446,6.201036518
2024-06-10,0.8875395,0.668275892
2024-06-11,0.879602,0.003138661
2024-06-12,0.8678545,0.0222073
2024-06-13,0.862981565,0.005988026
2024-06-14,0.8698865,1.665688202
2024-06-15,0.857631,0.001278535
2024-06-16,0.8452485,0.001710653
2024-06-17,0.838454,0.540826207
2024-06-18,0.88011,0.812877186
2024-06-19,0.8648065,0.381499432
2024-06-20,0.864616,1.469514254
2024-06-21,0.8388985,0.345455884
2024-06-22,0.800608,0.013789661
2024-06-23,0.804926,7.668825941
2024-06-24,0.8956675,0.945056683
2024-06-25,0.82804,4.958035124
2024-06-26,0.829437,21.92854199
2024-06-27,1.0898505,0.040258257
2024-06-28,0.924687,0.051251233
2024-06-29,0.8961755,4.65426673
2024-06-30,0.9636125,2.65644294
2024-07-01,0.883031,0.001706924
2024-07-02,0.8402955,0
2024-07-03,0.8245475,0.751440221
2024-07-04,1.047319304,8.026772131
2024-07-05,1.3336905,15.13797017
2024-07-06,1.07696,0.883122882
2024-07-07,0.9410065,0.017604243
2024-07-08,0.887603,4.27911E-05
2024-07-09,0.848741,1.760372598
2024-07-10,0.849249,10.23486178
2024-07-11,0.9802495,0.607558054
2024-07-12,0.896874,0.23483631
2024-07-13,0.8457565,0.448988082
2024-07-14,0.8331835,6.606323111
2024-07-15,0.8383905,2.818608098
2024-07-16,0.820039,12.65705015
2024-07-17,0.816483,2.189896303
2024-07-18,0.8716645,0.510387921
2024-07-19,0.836676,0.004198585
2024-07-20,0.813816,0.000859566
2024-07-21,0.7962265,0.002947424
2024-07-22,0.793496,3.465806065
2024-07-23,0.791718,1.386921724
2024-07-24,0.8518525,3.408199351
2024-07-25,0.860044,1.095543283
2024-07-26,0.8173085,0.011002273
2024-07-27,0.7898765,0
2024-07-28,0.772287,0.000858307
2024-07-29,0.8281035,9.800811516
2024-07-30,1.0466705,6.120832337
2024-07-31,0.988568,5.643430073
2024-08-01,1.012952,0.54288677
2024-08-02,0.9731375,17.48114051
2024-08-03,1.110488,7.772173443
2024-08-04,1.3790295,0.029847364
2024-08-05,1.1329035,4.321791405
2024-08-06,1.016635,16.13439275
2024-08-07,1.2861925,1.887649331
2024-08-08,1.0086975,1.641926411
2024-08-09,2.243990609,1.208579045
2024-08-10,1.836547,0.040685025
2024-08-11,1.3297535,0.135028396
2024-08-12,1.0067925,0.170088376
2024-08-13,0.911098,0.126882271
2024-08-14,0.872109,0.105786975
2024-08-15,0.849503,0.014296732
2024-08-16,0.839978,4.041737485
2024-08-17,0.8789035,7.00875876
2024-08-18,1.5283815,9.895624263
2024-08-19,1.428242,3.412494711
2024-08-20,1.115314,0.061431106
2024-08-21,0.9441815,0.010682917
2024-08-22,0.8824595,0.008997441
2024-08-23,0.858012,0.001715321
2024-08-24,0.8428355,0.019149142
2024-08-25,0.8344535,0.321473935
2024-08-26,0.861822,0.014880739
2024-08-27,0.834009,0.000320674
2024-08-28,0.939927,0.742074821
2024-08-29,0.8623935,0.575376591
2024-08-30,0.826389,0.376244773
2024-08-31,0.9484995,6.14217314
2024-09-01,0.8447405,0.349671497
2024-09-02,0.81153,0.04344113
2024-09-03,0.8002905,0.000435114
2024-09-04,0.7844155,0.000435114
2024-09-05,0.7898765,0
2024-09-06,0.793623,17.22850968
2024-09-07,1.156335,1.914502344
2024-09-08,0.9266555,0.001709998
2024-09-09,0.844693565,0.000852346
2024-09-10,0.80772,0.000861428
2024-09-11,0.790448,0.000852346
2024-09-12,0.7870825,0.000870228
2024-09-13,0.7868285,0.001728535
2024-09-14,0.7823835,0.000435114
2024-09-15,0.7839075,0.002989364
2024-09-16,0.790067,0.000444054
2024-09-17,0.779907,5.02026E-05
2024-09-18,0.7736205,0.036659506
2024-09-19,0.7740015,0.002685045
2024-09-20,0.7896225,-1.05685E-05
2024-09-21,0.7751445,0.01606785
2024-09-22,0.7637145,0.132525793
2024-09-23,0.832993,8.802986522
2024-09-24,0.8947785,16.55986345
2024-09-25,1.18999,1.863658171
2024-09-26,1.081024,0.201094582
2024-09-27,0.938784,3.246197287
2024-09-28,0.8971915,2.728118082
2024-09-29,1.1081385,9.622967068
2024-09-30,1.1781155,0.713411163
2024-10-01,0.9838055,0.574554401
2024-10-02,1.002411,0.933231311
2024-10-03,0.9079865,0.002157955
2024-10-04,0.8441055,0.000437221
2024-10-05,0.8128,0.004905632
2024-10-06,0.7969885,0.031555793
2024-10-07,0.784352,0
2024-10-08,0.785495,0.002586842
2024-10-09,0.7826375,5.36367E-05
2024-10-10,0.7776845,0.000862645
2024-10-11,0.772668,2.15363E-06
2024-10-12,0.768223,3.801390376
2024-10-13,1.0497185,15.78804264
2024-10-14,1.2519025,4.675451118
2024-10-15,1.1791315,2.787773239
2024-10-16,1.5042515,0.131783883
2024-10-17,1.175766,0.000852346
2024-10-18,0.9623425,0.000852346
2024-10-19,0.9200515,0.001718411
2024-10-20,0.897509,0.001716614
2024-10-21,0.8703945,0.000858307
2024-10-22,0.8522335,0.000852346
2024-10-23,0.8349615,0.026946226
2024-10-24,0.8100695,0.042999613
2024-10-25,0.7865745,1.056972486
2024-10-26,0.7825105,0.002658829
2024-10-27,0.7694295,0
2024-10-28,0.76327,0
2024-10-29,0.7733665,0.829950812
2024-10-30,0.7896225,0
2024-10-31,0.7732395,1.122293185
2024-11-01,0.765048,0.439120887
2024-11-02,0.7624445,0.000861287
2024-11-03,0.758444,0.00257794
2024-11-04,0.763143,3.138579084
2024-11-05,0.770382,1.075306479
2024-11-06,0.7987665,13.35098581
2024-11-07,0.827151,0.128334626
2024-11-08,0.808609,0.000852346
2024-11-09,0.798195,0
2024-11-10,0.8240395,14.75093094
2024-11-11,1.223518,0.821137302
2024-11-12,1.006221,0.065845359
2024-11-13,0.895604,0.001716614
2024-11-14,0.887603,21.69777683
2024-11-15,1.2122785,1.24335795
2024-11-16,1.0691495,0.103140153
2024-11-17,0.981075,0
2024-11-18,0.9319895,0.383915474
2024-11-19,0.909828,4.164302085
2024-11-20,0.894842,4.549036732
2024-11-21,0.956564,1.282614748
2024-11-22,1.0484485,3.952353307
2024-11-23,2.4920575,2.59039069
2024-11-24,1.75895,0.028661976
2024-11-25,1.3687425,1.531809967
2024-11-26,1.3029565,1.553884108
2024-11-27,1.2243435,0.073578745
2024-11-28,1.326515,9.389662884
2024-11-29,1.482598,0.57547143
2024-11-30,1.235964,0.015417787
2024-12-01,1.119124,0.325960222
2024-12-02,1.039241,0.108334384
2024-12-03,0.9747885,0.102101886
2024-12-04,0.9387205,0.341163793
2024-12-05,0.92837,2.243484992
2024-12-06,0.911352,0.069944767
2024-12-07,0.897255,0.023012378
2024-12-08,0.8998585,0
2024-12-09,1.1952605,12.83353969
2024-12-10,1.4896465,1.17262232
2024-12-11,1.3344525,0.344288007
2024-12-12,1.236091,0.675833071
2024-12-13,1.1491595,0.09106728
2024-12-14,1.095629,0.000870228
2024-12-15,1.154684,18.46234481
2024-12-16,1.7418685,12.0001187
2024-12-17,1.834388,1.289130096
2024-12-18,1.5767685,3.595859232
2024-12-19,1.483487,0.325485681
2024-12-20,1.3486765,3.139975392
2024-12-21,1.288796,1.084506746
2024-12-22,1.231519,0.040394241
2024-12-23,1.152398,0.392231416
2024-12-24,1.1411585,2.82090316
2024-12-25,1.18237,0.304726829
2024-12-26,1.105662,0.369817151
2024-12-27,1.061593,0.775909023
2024-12-28,1.0561955,2.511034945
2024-12-29,2.0347305,36.50038069
2024-12-30,3.045587,6.007253104
2024-12-31,2.267977043,10.03042101
2025-01-01,3.24739,6.286283319
2025-01-02,2.511806,0.176078412
2025-01-03,2.1678265,2.441943823
2025-01-04,1.9959955,0.840835781
2025-01-05,1.78816,0.027060799
2025-01-06,1.6712565,2.761837338
2025-01-07,1.5549245,0.476338676
2025-01-08,1.442466,0.421924805
2025-01-09,1.347597,0.130410892
2025-01-10,1.276515652,1.273054198
2025-01-11,1.238945739,3.272764818
2025-01-12,1.2099925,0.174842416
2025-01-13,1.1772265,0.343396121
2025-01-14,1.058672,1.369300592
2025-01-15,1.045464,0.067770459
2025-01-16,1.0465435,3.184093191
2025-01-17,1.0233152,0.121299377
2025-01-18,1.0220325,7.99623602
2025-01-19,1.175070261,0.940339987
2025-01-20,1.080153143,0.360230835
2025-01-21,1.0281285,0.207464384
2025-01-22,1.0165715,0.079361315
2025-01-23,1.0385425,0.586512863
2025-01-24,1.0208768,0.163240831
2025-01-25,1.04521,0.026175737
2025-01-26,1.0106025,0.008125947
2025-01-27,1.028065,0.000435114
2025-01-28,0.9737725,0.047982416
2025-01-29,0.963422,0.408192711
2025-01-30,0.9481185,0.000435114
2025-01-31,1.130808,13.30317579
2025-02-01,1.963547,2.7161171
2025-02-02,1.459484,1.01719996
2025-02-03,1.3538835,0.056501522
2025-02-04,1.7409795,0.524164712
2025-02-05,1.476873231,0.102231174
2025-02-06,1.4727936,4.403014747
2025-02-07,1.603115478,0.000764651
2025-02-08,1.39360275,8.031326354
2025-02-09,1.408872686,0.878211368
2025-02-10,1.308862,0.001562069
2025-02-11,1.216587429,0.067011917
2025-02-12,1.176367579,2.080811316
2025-02-13,1.455547,12.76259484
2025-02-14,1.386078,0.078453419
2025-02-15,1.232916,5.869801548
2025-02-16,2.494407,29.84855415
2025-02-17,2.49682,0.665153874
2025-02-18,1.8947765,0.12566102
2025-02-19,1.5860395,0.28804243
2025-02-20,1.516634,2.157518033
2025-02-21,1.3988415,0.711906879
2025-02-22,1.274572,0.005383989
2025-02-23,1.2127865,0.001688567
2025-02-24,1.180846,0.031847685
2025-02-25,1.589913,1.986358034
2025-02-26,1.875917,3.401663327
2025-02-27,2.5826085,4.273998061
2025-02-28,2.5053925,0.382167137
2025-03-01,2.204085,0.745181618
2025-03-02,1.917319,0.010760205
2025-03-03,1.7960975,0.006218301
2025-03-04,1.709928,0.127233671
2025-03-05,1.8700115,15.15089376
2025-03-06,1.956816,1.820111513
2025-03-07,1.694815,1.733356439
2025-03-08,1.631442,0.746306073
2025-03-09,1.5621,0.000436907
2025-03-10,1.478407,0.001706004
2025-03-11,1.4003655,0.000866165
2025-03-12,1.3039725,0.000858307
2025-03-13,1.225804,0.000852346
2025-03-14,1.164336,0.242445799
2025-03-15,1.1223625,2.03076877
2025-03-16,1.4162405,22.70725814
2025-03-17,1.599057,0.098462237
2025-03-18,1.3921105,0.001704693
2025-03-19,1.27254,0
2025-03-20,1.291209,4.268013929
2025-03-21,1.4015085,0.080605128
2025-03-22,1.280414,0.945843531
2025-03-23,1.1911965,1.26038913
2025-03-24,1.1438255,2.227050055
2025-03-25,1.1008995,0.00312162
2025-03-26,1.0554335,0.002954381
2025-03-27,1.005332,0.005136946
2025-03-28,0.974344,4.183411852
2025-03-29,1.1010265,0.154365441
2025-03-30,1.138047,10.69850534
2025-03-31,2.666492,8.259863
2025-04-01,1.9858355,0.120109643
2025-04-02,1.978279,14.49161124
2025-04-03,4.2889805,21.25912133
2025-04-04,3.049524,0.705211711
2025-04-05,3.6415345,36.79535668
2025-04-06,3.9563675,10.99141764
2025-04-07,3.069844,0.471063269
2025-04-08,2.647442,0.142239925
2025-04-09,2.3409275,0.038338902
2025-04-10,2.1574125,8.167626036
2025-04-11,2.064258,0.115721569
2025-04-12,1.771777,0.111267928
2025-04-13,1.565504681,0.000852346
2025-04-14,1.376934,0.845478878
2025-04-15,1.3082905,2.074947965
2025-04-16,1.2894945,0.016190091
2025-04-17,1.220657739,0.003012163
2025-04-18,1.176991826,0.096733271
2025-04-19,1.085469,9.944171331
2025-04-20,1.168654,0.002564637
2025-04-21,1.0865485,5.965165434
2025-04-22,1.26365,0.00613857
2025-04-23,1.077595,0.071732251
2025-04-24,1.0056495,0.062480641
2025-04-25,1.130173,10.85125412
2025-04-26,4.4577635,12.03361545
2025-04-27,2.488057,0.001722587
2025-04-28,2.131568,0.002568229
2025-04-29,1.977771,2.982483758
2025-04-30,2.0042505,0.33927805
2025-05-01,1.713738,9.484631968
2025-05-02,2.100961,5.382056795
2025-05-03,2.34569,10.82139897
2025-05-04,2.954401,14.73304019
2025-05-05,2.632583,4.533066047
2025-05-06,3.0813375,12.72272807
2025-05-07,2.593467,0.121466754
2025-05-08,2.328037,1.375186828
2025-05-09,2.1718905,0.000435114
2025-05-10,1.949958,0.000858307
2025-05-11,1.727073,0.000858307
2025-05-12,1.533242323,0.659912676
2025-05-13,1.437672774,17.63628638
2025-05-14,1.4150975,6.385955151
2025-05-15,1.666875,3.430301136
2025-05-16,1.276477,15.91824711
2025-05-17,1.115695,7.525324182
2025-05-18,1.075055,0.45278114
2025-05-19,0.979297,0.097527668
2025-05-20,0.940943,1.718973161
2025-05-21,1.0739755,18.52591989
2025-05-22,2.099564,12.24003512
2025-05-23,2.8222575,1.311112254
2025-05-24,2.07518,0.008525883
2025-05-25,1.6423005,0
2025-05-26,1.453769,0.000187364
2025-05-27,1.3355955,2.257426152
2025-05-28,1.2874625,1.345810986
2025-05-29,1.244473,0.121674336
2025-05-30,1.163955,1.548187198
2025-05-31,1.1632565,1.385913675
2025-06-01,1.089533,0.000855822
2025-06-02,1.0260965,0
2025-06-03,0.9812655,0.000858307
2025-06-04,0.9504045,0.018924784
2025-06-05,0.9298305,13.56258376
2025-06-06,0.939546,5.236739244
2025-06-07,0.9408795,0.008433261
2025-06-08,0.9342755,6.719036771
2025-06-09,1.146175,15.91836944
2025-06-10,1.544574,0.005016307
2025-06-11,1.165098,0.008703439
2025-06-12,1.0506075,0.009912111
2025-06-13,0.9940925,0.540183122
2025-06-14,1.8274665,30.22631583
2025-06-15,1.8639155,0.021624239
2025-06-16,1.4680565,0.039500792
2025-06-17,1.360932,2.22332085
2025-06-18,1.9930745,6.386373355
2025-06-19,4.4779565,13.33903212
2025-06-20,3.7400865,0.303303377
2025-06-21,2.8435935,0.02044254
2025-06-22,2.4191595,0.000858307
2025-06-23,2.126615,0.000436828
2025-06-24,1.8837275,0.28913953
2025-06-25,1.746885,6.737826889
2025-06-26,1.509141,1.780506727
2025-06-27,1.585722,1.023372346
2025-06-28,1.450213,0.993025856
2025-06-29,1.402842,0.004327557
2025-06-30,1.289177,17.08049931
2025-07-01,2.0852765,3.675894415
2025-07-02,1.583436,0.016659219
2025-07-03,1.2738735,0.033077653
2025-07-04,1.1250295,0.023789069
2025-07-05,1.055751,0.116497092
2025-07-06,1.0201275,0.45568626
2025-07-07,0.995807,13.30958464
2025-07-08,1.195959,0.171931261
2025-07-09,0.996823,0.493913778
2025-07-10,0.9778365,3.431514348
2025-07-11,1.3867765,0.832059012
2025-07-12,1.25955425,4.150073813
2025-07-13,1.04740075,0.98456625
2025-07-14,0.96758125,7.510864921
2025-07-15,0.9448165,0.000858307
2025-07-16,0.923036,20.13825345
2025-07-17,1.26692025,3.740250722
2025-07-18,1.04016175,1.593633524
2025-07-19,0.98117025,0.030822074
2025-07-20,0.94326075,4.332850079
2025-07-21,0.93195775,0.146735648
2025-07-22,0.91265375,0
2025-07-23,0.90147775,0.001284732
2025-07-24,0.89811225,0.062245086
2025-07-25,1.09083475,4.180796643
2025-07-26,1.00041075,13.65466658
2025-07-27,1.87639325,16.72762526
2025-07-28,1.07934125,1.833674736
2025-07-29,1.28343025,0.624021988
2025-07-30,1.1739245,0.672280167
2025-07-31,1.9101435,19.41962782
2025-08-01,1.86286775,0.000643191
2025-08-02,1.3926185,0.003748239
2025-08-03,1.23402725,0.002151728
2025-08-04,1.19126,-3.09554E-06
2025-08-05,1.1354435,0.044208663
2025-08-06,1.067562,0.033732448
2025-08-07,1.011301,0.149731667
2025-08-08,0.97462975,0.040000327
2025-08-09,0.93367225,0.00128746
2025-08-10,0.90497025,0.003619911
2025-08-11,0.89055575,0.020002247
2025-08-12,0.869569,0.628664196
2025-08-13,1.1970385,16.28900776
2025-08-14,1.05927525,0.113761697
2025-08-15,0.9260205,0.005429242
2025-08-16,0.8750935,0.239547193
2025-08-17,0.85417025,2.598690291
2025-08-18,0.838327,0.017974742
2025-08-19,0.830707,5.308538724
2025-08-20,1.01438075,4.312695215
2025-08-21,0.925322,1.135594528
2025-08-22,0.85988525,0.110271004
2025-08-23,0.83099275,0.017010987
2025-08-24,0.8147685,0.230645999
2025-08-25,0.80749775,0.848027792
2025-08-26,0.837718737,0.622169125
2025-08-27,0.8414385,0.003395508
2025-08-28,0.82019775,0.244192515
2025-08-29,0.8429625,0.860767864
2025-08-30,0.81683225,0.002094867
2025-08-31,0.79911575,0.00256997
2025-09-01,0.79238475,0.000458467
2025-09-02,0.783082,0.008549677
2025-09-03,0.780034,0.115419974
2025-09-04,0.81232375,7.754373111
2025-09-05,0.81651475,0.007612451
2025-09-06,0.7844155,0.033133136
2025-09-07,0.777875,0.098023269
2025-09-08,0.773938,0.018191271
2025-09-09,0.77327125,0.001710653
2025-09-10,0.77231875,0.00209264
2025-09-11,0.76584175,0
2025-09-12,0.76139675,0.000852346
2025-09-13,0.76222225,0.031384978
2025-09-14,0.76581,0.000441074
2025-09-15,0.76488925,0.00257071
2025-09-16,0.75822175,4.42012E-06
2025-09-17,0.749427,0.000852346
2025-09-18,0.74812525,0
2025-09-19,0.7629525,0.346373734
2025-09-20,0.78038325,0.280110588
2025-09-21,0.78666975,2.676538466
2025-09-22,0.84166075,13.80239132
2025-09-23,1.336321021,23.76513608
2025-09-24,1.08454825,3.297243813
2025-09-25,0.9686925,1.698090834
2025-09-26,0.90674825,0.141183223
2025-09-27,0.87664925,0
2025-09-28,0.86248875,0.002572538
2025-09-29,0.8562975,0.001724214
2025-09-30,0.852805,0.000435114
2025-10-01,0.84591525,0
2025-10-02,0.8338185,0.004285574
2025-10-03,0.8293735,0.000852346
2025-10-04,0.83086575,0.000852346
2025-10-05,0.834263,0.001311302
2025-10-06,0.83334225,0.002957131
2025-10-07,0.919607,30.23850171
2025-10-08,1.7601565,4.405077875
2025-10-09,1.141603,0.00185213
2025-10-10,0.99164775,0
2025-10-11,0.9375775,0.025973282
2025-10-12,0.8710295,0.057256308
2025-10-13,0.8458835,0.000427663
2025-10-14,0.833882,0.001492529
2025-10-15,0.81822925,0.000102422
2025-10-16,0.80730725,0.001719594
2025-10-17,0.795399663,0.000858307
2025-10-18,0.799592,0.766559085
2025-10-19,0.914146,19.33494615
2025-10-20,1.3790295,1.950982455
2025-10-21,0.985647,1.932271028
2025-10-22,0.935609,1.457227998
2025-10-23,0.91195525,1.411685091
2025-10-24,0.9448165,0.249899736
2025-10-25,0.86560025,0.004315012
2025-10-26,0.83048475,0.030956468
2025-10-27,0.81026,0.000852346
2025-10-28,0.80133825,0.002562999
2025-10-29,0.795782,0.107968129
2025-10-30,1.5334615,30.59406262
2025-10-31,2.312543,0.754292717
2025-11-01,1.49431375,0.17655695
2025-11-02,1.178306,0.001845898
2025-11-03,1.08077,0.012019957
2025-11-04,1.04524175,0.501166658
2025-11-05,1.034542,0.371740612
2025-11-06,1.015492,0.002232168
2025-11-07,0.9999345,4.316809271
2025-11-08,1.072515,0.564735853
2025-11-09,1.05051225,17.02074647
2025-11-10,1.239139,6.678014287
2025-11-11,1.16893975,0.111386641
2025-11-12,1.04549575,0.034343229
2025-11-13,0.99082225,0
2025-11-14,0.91227275,0.001710418
2025-11-15,0.8851265,1.098085224
2025-11-16,0.86744175,0.070322382
2025-11-17,0.85474175,0.000437953
2025-11-18,0.8460105,6.441092975
2025-11-19,0.84724875,1.212570957
2025-11-20,0.843534,0.191972519
2025-11-21,0.84013675,0.927305149
2025-11-22,0.85772625,4.229491882
2025-11-23,0.85899625,0.000948358
2025-11-24,0.8451215,0
2025-11-25,0.85734525,8.803367853
2025-11-26,1.17221,1.689735684
2025-11-27,1.0400665,0.653372027
2025-11-28,0.9547225,0.535437113
2025-11-29,0.94300675,0.915709808
2025-11-30,0.9567545,4.908553942
2025-12-01,0.99475925,0.090853838
2025-12-02,0.958342,7.435291912
2025-12-03,0.97723325,0.049398157
2025-12-04,0.97062925,0.529481707
2025-12-05,0.9394825,0.00076474
2025-12-06,0.92592525,0.055534332
2025-12-07,0.91398725,2.043736863
2025-12-08,0.91544775,0.082838297
2025-12-09,0.878586,0.609862224
2025-12-10,0.94465775,12.71861718
2025-12-11,1.316355,0.702869323
2025-12-12,1.067816,0.025066648
2025-12-13,0.9998075,2.726730801
2025-12-14,0.97570925,1.462733028
2025-12-15,0.9580245,0.136650964
2025-12-16,0.9785985,0
2025-12-17,0.959612,0.00056467
2025-12-18,1.0309225,1.093793961
2025-12-19,2.4631015,14.37667173
2025-12-20,1.79720875,0.001138397
2025-12-21,1.45202275,0.001014458
2025-12-22,1.28851025,0.608587499
2025-12-23,1.24088525,2.544285322
2025-12-24,1.26444375,5.60142E-05
2025-12-25,1.2154535,0.81604234
2025-12-26,1.170559,6.152980284
2025-12-27,1.2732385,0.16535066
2025-12-28,1.2418695,4.631948058
2025-12-29,1.652905,9.506375353
2025-12-30,1.47456525,1.006361206
2025-12-31,1.311402,2.5046136
2026-01-01,1.25174375,3.618453608
2026-01-02,1.203706,0.410766001
2026-01-03,1.1815445,0.024396552
2026-01-04,1.14874675,0.266999334
2026-01-05,1.123188,0.105525752
2026-01-06,1.11807625,2.918089756
2026-01-07,1.50161625,1.381351312
2026-01-08,1.38557,0.016058226
2026-01-09,1.46992975,4.875620221
2026-01-10,1.4625955,4.94426657
2026-01-11,1.52263475,1.97606752
2026-01-12,1.445641,0.000745244
2026-01-13,1.37594975,0.213314814
2026-01-14,1.33238875,5.428075911
2026-01-15,1.4942185,5.386876246
2026-01-16,1.33315075,1.067799602
2026-01-17,1.23574175,0.823966022
2026-01-18,1.17929025,0.006749311
2026-01-19,1.1171555,1.348700982
2026-01-20,1.0912475,0.025867426
2026-01-21,1.06772075,1.180746236
2026-01-22,1.04574975,0.894688302
2026-01-23,1.02130225,0.118666404
2026-01-24,0.9819005,0.129820204
2026-01-25,0.97824925,19.41339235
2026-01-26,0.90566875,1.808234123
2026-01-27,1.0070465,0.823112772
2026-01-28,0.977392,0.146756737
2026-01-29,0.972185,0.247263905
2026-01-30,0.977519,0.110838591
2026-01-31,1.0008235,0.431130429
2026-02-01,0.98129725,0.51137895
2026-02-02,1.02542975,0.608378262
2026-02-03,0.9764395,0.265135239
2026-02-04,1.0042525,0.246541829
2026-02-05,1.01533325,0.121763981
2026-02-06,1.00180775,2.903905121
2026-02-07,1.00314125,0.714481368
2026-02-08,1.01082475,0.027626812
2026-02-09,1.022477,0.003046947
2026-02-10,1.00568125,0
2026-02-11,1.1134725,0.173949775
2026-02-12,1.097661,0.163004029
2026-02-13,1.02530275,0.002901481
2026-02-14,1.0089515,0.000435114
2026-02-15,1.0525125,0.220617801
2026-02-16,1.269746,0.000432431
2026-02-17,1.92732025,0.000852346
2026-02-18,1.87328175,3.616513738
2026-02-19,1.74786925,0.733005803
2026-02-20,1.8895695,6.999880764
2026-02-21,1.9247485,0.010532855
2026-02-22,1.7623155,3.777343493
2026-02-23,1.6948785,2.423900556
2026-02-24,1.580388,0.055903987
2026-02-25,1.50091775,0.781196717
2026-02-26,1.5887065,0.000435114
2026-02-27,1.39192,0.187495637
2026-02-28,1.35861425,0.207462144
2026-03-01,1.25168025,0.433765034
2026-03-02,1.1579225,2.28819E-05
2026-03-03,1.120521,3.120392271
2026-03-04,1.187069,0.319534592
2026-03-05,1.50898225,22.67869966
2026-03-06,2.6701115,0.570789177
2026-03-07,2.054352,4.133792943
2026-03-08,1.918716,0.687091463
2026-03-09,1.725549,0.000850266
2026-03-10,1.5528925,1.542613177
2026-03-11,1.4694535,10.36431601
2026-03-12,1.78184175,1.439590296
2026-03-13,1.598549,1.028143102
2026-03-14,1.37258425,0.034273824
2026-03-15,1.2623165,0.08779516
2026-03-16,1.2670155,6.980504897
2026-03-17,1.31117975,0.947299268
2026-03-18,1.20894475,0.186564718
2026-03-19,1.13941225,0.849311986
2026-03-20,1.1031855,2.249748803
2026-03-21,1.08829475,0.136591634
2026-03-22,1.06645075,0.094882149
2026-03-23,1.25688725,1.364243105
2026-03-24,1.2196445,0.013311009
2026-03-25,1.11991775,0.000852346
2026-03-26,1.0827385,8.046842927
2026-03-27,2.9175075,20.98867365
2026-03-28,2.19332175,0.008598055
2026-03-29,1.7449165,0.001380417
2026-03-30,1.5606395,0.309576658
2026-03-31,1.50695025,4.607221175
2026-04-01,4.335399,32.5779775
2026-04-02,4.89899325,5.720980597
2026-04-03,3.46281375,0.63868344
2026-04-04,3.2902525,4.063833768
2026-04-05,3.25599425,9.358165486
2026-04-06,2.6198195,1.835040023
2026-04-07,2.2310725,0.022756985
2026-04-08,1.9742785,0.002151243
2026-04-09,1.75307625,0.14969919
2026-04-10,1.5898495,10.03220735
2026-04-11,1.642999,0.065187371
2026-04-12,1.45297525,0.106086738
2026-04-13,1.35816975,3.535148807
2026-04-14,1.342644,1.835195651
2026-04-15,1.484503,2.829874522
2026-04-16,2.415159,2.400046446
2026-04-17,2.0540345,0.103419513
2026-04-18,1.83848375,11.02216078
2026-04-19,2.04581125,1.865727506
2026-04-20,1.85740675,0.687247181
2026-04-21,1.6383635,0
2026-04-22,1.5293975,6.817262587
2026-04-23,1.44630775,3.846899475
2026-04-24,1.52892125,1.625498463
2026-04-25,2.28241225,9.00821457
2026-04-26,1.99399525,0.028580825
2026-04-27,1.590294,0.268999233
2026-04-28,1.4645005,14.69706902
2026-04-29,1.311148,5.87137189
2026-04-30,1.3658215,3.076433384
2026-05-01,1.25568075,7.182722357
2026-05-02,1.64068125,2.99409715
2026-05-03,1.498473,0.035549066
2026-05-04,1.35588375,1.175988382
2026-05-05,1.2872085,10.5030352
2026-05-06,3.24348475,18.0626075
,,
,,
,,
,,
,,
,,
,,
,,
